3356137937
1160786205
3402492672
2071242523
1053089945
1432695077
6462975812
6509102402
4827677507
5203914101
4102944707
2854940492
4374590659
1169659631
1181971947
3194354547
5424060660
7608856469
3368965862
5290783769
1507701725
7274933158
6880191703
6410538138
4446415006
1387256233
6339529266
763301058
1054985764
5258291634
4394796950
806255189
7271850838
4869995545
3249639396
6152049144
7614072514
4192247378
6320213576
5082198318
6817274721
3123172687
5818272318
6893884994
4611923186
6874137363
6779030736
4854603949
5773375986
5701008984
6758027163
2615233703
1480677416
2113669221
4651109826
6267974737
6665212295
5755286492
3670492641
709168792
916014380
6968958991
4013145381
3377611043
3705673965
2237380199
1501178595
4522218178
7415764159
2618794796
804346337
17003746
5766633316
5750714535
7698629212
7825102987
3005625804
2992858146
4966909143
2923321301
3185981214
5837981184
6096739900
2052172429
3460729529
4544280759
4560032102
1950958983
5812299779
6930986892
2459404082
1627004470
2250861456
1601104300
3109142440
7222424458
4839362593
2836927784
4866656842
3373075586
2151545584
4422175361
3305949818
4631802381
1580099053
2682092510
6684744360
3806015504
6353341314
6519512442
3895305965
5298992228
1465273622
72380491
5869673746
7528145773
140049562
5011739110
5638387946
2837670412
3144629520
2099251561
4295879881
5524680213
6610447770
5896395606
6102449439
6567463733
3977591147
2768273005
2850436240
3462205298
5756353361
590667181
7715307662
800256106
2584493416
1655484194
3626986455
1813924487
7773704346
4780400191
1031079747
3163403811
4104308189
2964804537
3005562390
2169395507
5471607366
3568149314
2001531335
4169124500
4690962349
2166297966
4544589853
4008338907
3840248620
7071729713
6159829394
485810520
7701325495
1637407038
6525599332
7418085416
3106456625
7288489329
1004668206
3235584355
5402973218
3512581096
3774702937
5987152513
4698318396
3190269423
5711503480
7129159512
6027101161
2950612213
854466209
3715903451
6504950688
1607871522
6671394696
1031305901
7142575359
6796324693
55227650
1340242706
1290808601
1251206370
3795825687
312492662
6316281149
2760501234
171953141
120261897
16321095
1333040116
4200976510
6987756578
3812485314
248767218
2548609512
1624368826
6579182451
4604972662
6855460266
4144975952
7744143839
5752292844
309882602
5842500118
4688411769
547621903
3441996846
2189768818
7621464743
6472324919
252717037
6062131179
3856231671
2032820250
3448121391
5388340114
3689971481
1999763480
7571444118
4987868212
3795069013
1789884372
2854397286
874951107
5031997653
2941139014
6976284560
4369037930
3510481075
6051795122
2324598184
2288927747
807464492
3011028437
2932156692
7851046019
6034749455
6203540250
5964115107
5571056691
1672872321
3338157330
4320036875
1663944320
3715621261
1062151349
4023061033
7583950195
4452197202
3221748989
5207275027
564449040
6895433318
6121365748
3390737693
3957365323
1777633368
2422987924
5079386965
4492151028
2480664421
5666451355
4611780745
6669752458
2558211968
4523796473
5165692239
3770502019
2289502709
1200667055
6468063124
6515878786
4778438214
1898812483
5131891102
4150188430
5486858682
6794886104
1829284655
1319457797
4193896660
4199171899
1242695293
466409254
5147176779
1777488377
4909428976
4022554673
3686160380
5671471770
4954834958
4306287037
1840405622
6583945757
1120178377
4677858453
5955622648
6692146985
2484118734
926884658
5753088911
4253984215
3072685769
882931417
2917323522
1654566813
6077647570
4245517949
3265722499
1632644410
1408810343
2435448399
2800813717
6685875094
2675180231
2324075688
5501214435
6718550064
2451130765
7556788723
7041601494
7278198911
3517389233
465233012
2450712630
136046583
2019942182
2635995102
4118018443
5067979583
2550669833
7634696947
6221381369
4431724614
211166063
4177276507
6370967217
1961701514
769013508
5894930787
1611322594
6601583993
1296718766
6947827554
3127634895
3084146675
5343106176
5151737754
1145033785
1703043853
2526185603
1889914080
489304212
4319892260
2160216865
7084569879
7156641284
3301596086
6037088656
7324544092
6828261692
5328865091
235475076
3529901207
7199436879
7329658296
3892196922
1776738149
4649710330
2788654225
5176080555
3024626665
6179103491
5875051748
4228646892
4635874453
1201818927
5883767462
1736896128
1349107366
6449451374
2349179692
4948152116
1255188959
6538021464
7791059893
2443123918
4275121424
6655468133
388639285
4621246740
2323474701
4657547858
6045430561
645346037
1100272761
3571484890
5746529178
416830796
1321024488
6108979753
5337030069
11695702
4919953261
6507489356
6459022361
3843002451
2766731074
447814464
7232621189
207187197
7085375560
3234371058
2555295352
7834552418
631882824
5079121222
6285473184
6730941567
1806805216
885398597
598706756
1256789416
6835455874
4913821308
52056867
1434642557
5697024736
2459875235
1560604102
3184807660
5446499369
3167282061
6086555967
5351300589
5759289060
4678445122
6692101985
2553267726
3453027563
3491764801
2213241091
15056109
6965488800
5927964130
2473186493
3247261780
7481784267
3640466637
3091470562
308664040
657581293
7346198963
6802767276
1232486281
6598759509
2646870905
2127063750
1464952431
65561517
3834978448
7305167587
6161949771
7373675128
4668753260
221488484
741864765
4303863520
2464837559
5934840084
566293981
5438825153
3856308221
4444355441
6572639385
7107349723
4807180974
1994749359
7060396004
3464586025
1150229519
7647147360
192398292
1046540684
70691173
3223077131
825666889
5069330807
2626378283
3365603203
6375286851
4197975726
4628879869
4765471420
6768895115
1364882625
4727072289
3010199719
4011530869
781173778
3798002193
4626400930
177498055
4830692486
2131817678
7658859934
4609429762
287003705
3290002063
713438124
1213841066
1889318930
3808762305
7352492175
5879684048
5039895976
4025469442
7806424078
1094723218
3991242320
3146527336
755466324
6539645104
1669315899
1377986931
5427770489
2448735562
4020560878
6211008545
4498916765
2403035720
562767412
352687543
77550797
3421854916
1394712490
1073010049
347317333
974231895
6191104952
5055117104
178268932
1288150210
6794047300
4546174777
7842629814
5603966456
5256290711
830898731
2760793159
5641773539
7683866150
1639277348
4770691089
6059488221
510055731
6970786793
6278229347
1052359296
3955363224
1098407990
6573995753
2040912520
1271699317
2767017349
7105516900
4549845817
6989872719
3313401737
5702563217
5854776425
6391523481
7128933205
3693111034
753493282
6392277468
3945471106
2714948874
838210078
2848636057
1048647611
7358594518
4293287085
2119650037
5731058647
5555224486
3962113465
4809263095
2631287497
4024035641
900711278
156093917
7783888947
5374249547
2175411408
5138174303
2717474016
357942800
7007856173
4843417111
1012803030
3993111271
4552595453
2698629364
7845866668
425917940
5994186740
5717158524
6163414767
332544057
5961013171
4737390124
7087401049
5267743166
3895706621
58305733
847294138
5621867814
375733663
1602648206
3894622490
2679893756
1216439531
3786588999
1758234232
4564567003
5867313383
2515021312
4268378669
7090767871
1084245161
4876395434
3246634931
7642038339
4820161307
948408429
6189227010
4421871593
5770996726
7169370073
1290723304
5170732940
2179505717
2263438583
2836278649
45178062
260216518
7013733241
7380535975
665705744
3525404776
5034862115
3168421901
5109102790
7402328029
4085230965
4319453210
2110187758
1355492919
6402342166
5614665480
2391531252
2548632018
4851460866
4582027201
4313313363
5551924136
4493660034
7799437271
2482182056
7344817134
6864846459
4561937616
1790218646
3632488097
5996332103
2458480575
872063121
6400896996
887346386
5065041285
3477923683
5477988601
5237224533
664381136
3059058970
1804513136
2002269
3055693144
6374313656
3879475093
489540588
6434854271
7705321483
3414574060
2332830154
6460449570
1293060535
4338068311
469297889
5800747790
1444714921
4570228433
2755250915
1058230775
6604760285
7739893581
4708449651
1687068493
6986055908
1448148607
1841197517
1673254060
1376090198
7371331200
2097727887
7376812174
682965384
2507041171
6083348548
3337063089
6035012177
740492282
2436992962
7583150155
7795449861
5827559861
5846059022
1932975912
4251574907
6839395045
5939730661
4821630357
3238084954
14325459
1989424296
7011492223
3573408701
3035685847
7834723440
1141983711
6982469896
6990454436
7628195941
2563210339
2029661839
6683288184
595791355
2222068200
4738736855
1548720879
6191911497
1490321464
965919952
56054894
3386768381
6690730330
1082797747
7793003621
1406747431
6481631000
5719213994
1063287307
7739472851
1647672083
5333243524
6621810941
5372494968
542227678
1683003749
2057698484
957805109
1666197119
7492913446
1947310619
153375959
502700601
7815970014
7679215059
1165343128
4779085729
7116219637
351082031
4703408015
5270225646
3530109521
4341372467
543043185
3230982991
3241611541
570860151
579549008
2373195291
7589903547
3234679576
3874659182
4366449043
3110784176
3384430005
139292153
1345566730
6127341591
3153516579
5228383308
6727150411
2809610407
3274665070
3606439766
4066060180
1801382401
6073062797
4680777800
425927791
2451216487
872642878
2293296220
7436348123
5820502382
473529433
4799603122
4060618471
947441232
5979742044
1600794784
1617195033
1633812922
6815509654
5534371724
6934820290
732177342
7621799516
850921036
2094697537
5773619380
5306428692
4767880794
7318450370
2119422137
3372903623
6343037931
2177744816
177644026
7783377674
269965577
7296728559
6351436510
7758960113
6005690015
6560808285
1721570988
4162566358
2842476229
2437362090
737355110
7317955325
4982498317
3613605095
1361099826
4139226541
4554994522
2315372586
1282648943
4073383142
6222651713
1105257027
1829103435
4983853827
4619496619
105585876
1748876852
4717587521
725793177
6032836531
4885174767
817940385
7300560486
5918154483
1781967407
2525045370
4623646525
758922347
3815219266
4694527071
26594283
4622138482
2824443168
6005518192
7815304586
2694014093
4100863592
3539937401
1959182435
3355196044
247945179
3206212975
1836793787
1914162064
7476577865
3775951431
4301042827
3306661958
5153421996
4700405639
3410212235
988056738
4908045497
2753181922
3177299339
3906654313
1389060345
2808314769
3425871588
32968246
2489227059
361002483
2320475251
1611951746
2597071708
5170833958
1279605845
2734467468
3851860814
768497266
6240905403
676216056
6683111729
6099376283
600628568
4083633275
6408778304
6878536667
7385889731
7541126598
2333791850
1214961348
5882980900
924796999
3711963502
986877462
1014646236
5897573273
4393722455
7346287171
4129370284
2554477817
599904351
5012159950
6784069260
6858608426
1881786370
55450015
2550438081
175698587
4963220264
5288096936
53991647
1111625597
4402530632
3222235276
1541750649
7636100874
5944721112
5667984041
2631426811
1802029593
7402977819
4111464346
4078076973
4437852304
3936331256
539482194
3926474208
6908276458
7699462477
5001920843
4856834774
6027643244
1194937449
6697032475
6760018358
1742695503
5735462062
2382030003
5102862015
7428512451
4423489222
6230110634
3827610897
35823981
2365729915
3691746626
4798920900
4174157551
5011915118
6013022975
2094828011
1223174828
3848732055
805466254
863183644
599462236
7318515912
3329374072
3821063715
4135268924
4537404255
1240643764
5887861140
6056390448
4302325211
3820427309
6863165561
2399885210
371783272
1784051310
2225620409
495105807
6928354980
2310562028
2273023174
7014602371
1823961569
5341453276
181444874
5360252579
6873367475
1977109960
492097904
678257373
1231991227
1958342652
688933101
702440812
6111445736
6050246984
4305212595
5403233560
1369894058
6450417612
6168827093
4393318307
7220024896
2226966066
6648306120
6475023827
6334934585
3328019093
3551140069
896223575
7352460511
7592941770
560151349
5196022304
1020534530
6779964967
5836279708
6143847586
7378171611
6801074917
2392840920
7089606916
3062106384
1813060027
1596023325
882132415
3880076195
6297152535
1160493374
1824134706
4811947814
5218458347
2842036983
6373635015
2585325988
2230277917
838187322
7786895465
579527506
1311447360
5837141451
5525640560
4678269510
6757966585
7039900358
5665658427
4126231895
171933926
916107004
4929204130
6295204686
5121911127
1235105344
6187476814
4195413281
1008467328
2574381462
5407419786
810218775
827247440
1815490226
7025993235
2256446775
3320810843
206439582
5396923825
158137782
6925287251
7623246652
4778337001
6865788598
6952786173
1145369564
5696698594
4280147134
4567129538
3101225005
5060986779
6152146991
654984090
2285445647
1939889630
3175734510
5362126039
6184164844
6595217816
1806678136
5709265027
2924320595
5024382463
6629327640
2187154972
993887249
6241177670
3777727958
2952227821
1906292948
6314694451
6541424750
118547660
6142087455
6758591101
6899964247
4624614541
4277880552
6107849964
382814425
5625142611
4323167361
2973373252
7124435219
3758935040
7830677988
1545150138
4537093708
3934323325
546787707
202264930
4237177326
4867438961
3600198359
805640244
3334633114
1742076144
7139987486
4801517460
2360468464
7835234517
1128889841
2220655219
422044249
916109345
6478772953
697327099
2258893330
1022644992
4631529476
1086690907
6593871916
4884782494
4409290325
4049973881
857677917
6771345283
5227314601
3507459622
1802842076
5632310745
1282569427
6489778620
5972709580
5358616491
5092693297
3013734943
1665982223
5225463059
3455410255
5094771135
1876800593
5974531528
7238437789
6168242814
2180085196
6605521165
2600691079
5931493614
3284770449
833375148
6188830174
1193569629
7484001399
3686831967
4849411577
1831071375
1453734039
5256428185
6674767774
1920768355
3103775921
3273647957
3779795266
1083513263
5324312505
4411395407
2299927999
2463097025
3514256212
3031563644
1599008246
6493303175
7297183190
2163675119
7311470806
1734755613
1526743043
4729341040
5204181390
5680130172
667529944
6260135666
1351054575
4304483287
5641378442
734782916
545160428
615804446
2848925562
62778882
4709647534
2380025532
6026693453
6660599464
6484245876
4421721217
7670148259
448060319
7683873161
1301501869
5827044486
2596652974
6274543254
3766123719
930746696
1752384752
4341571892
3409190007
6079022235
7328915999
2901429046
7787551506
3661991986
4685149329
6735601353
4723232490
2621195161
3496180607
1039106619
5101975417
3302473480
6440580199
3170786024
3599300340
6058727411
1945200413
6615917718
1696098280
3708986273
517732434
1433530909
3252781669
730361852
1651690138
2265180060
5398466088
7046357110
5862988157
6229698621
4489251738
2739228760
3708240187
7506094864
2631401692
5788632109
88555527
5426181110
109156352
6105640736
1836612244
2631351708
2829816858
6783003033
2594866794
2272600117
7281298437
739077040
7726760255
6606008176
7200065000
4360980257
3041772594
438146166
144729951
285592624
6934695683
3249405037
4302520526
1247035064
5189402878
6016317385
5123463691
1318918323
6621830244
6274042431
4640311548
6216649175
6423223880
7005586425
7289049962
3857717027
7329268207
2778815097
1001338328
6564854735
757365271
70536724
2614644004
980500326
6366406126
1886840724
2251423068
1866463471
3325222538
7712815543
2472495813
3703268827
2479101822
5266585539
3999461734
4509971204
1933448214
1348978288
5734720042
4804876847
371900367
3252007014
5727417425
4898092855
1459075098
1898209240
4415266985
6823836065
3476270004
5723440612
256529487
4993046327
335823053
4550949543
5592728488
2822741285
1352074457
6487360167
2981852480
2965502849
6380594438
3285621540
7392083825
6978755137
4837207491
7378500125
5239143758
1417016441
1009316830
2265762776
1396724232
4157024709
6524740834
857814840
2881182990
7264764198
5534076106
1556388492
2246534098
587614447
6677126556
2058862709
6785271768
1036752548
1995039914
3572859105
3864302060
6303558503
371412847
6726213602
1691316855
5959380909
2218493481
4744249810
2409924663
5023268123
3379279580
3253289141
4114486547
5532888522
3819329946
4063916792
5116863358
3614224256
3898068749
1290884951
3710507890
3973278972
824865237
526992614
3112247349
4893926755
5536634006
6499782985
944514606
4124428720
5947437654
7026305683
3514435994
6006718342
4613184
3380657074
6022730840
3103178133
4851314747
4885144504
1713783034
7030347026
6709701223
1729934425
6541650820
4268854838
6631278799
6259016288
4970593730
1683985985
1766859496
6574027599
3283007038
111360899
4331884099
2366091519
6646356193
5160097429
2020400859
7304696003
1106596446
7056325748
1850062025
7270527496
3890615014
6676032072
2665807546
2291109371
1826744962
4452451921
6382623375
945752485
6609299931
5127140823
5474514797
5875631522
2510994683
7157629898
6027985948
2662582395
3920902850
4440050094
6797098150
2100532676
899543325
1759269848
2748552072
2754038741
941596381
3938352548
248881476
6551221904
4895645192
6993859384
6986432837
3448050479
4796237187
581743872
4658248519
2626485418
2698019763
3342542165
5130888125
6507995690
6357232933
4269425905
2081318904
6484315486
7027543844
1140108268
2008863997
6397992927
3478958335
2708414189
3550448087
3265641891
7290527084
7373699804
2170249393
3926095566
5931080109
6426872892
365903388
4975178301
4472828215
4294013220
4468016715
599156494
5573023064
2716183466
7508808508
2619684758
6631781635
916901526
3868843701
5934272335
5668755135
1476015564
5428485239
5462029374
2207985350
7267604645
1630819728
3680420838
4995486680
7038155970
177190442
5956759108
2236901059
7677561867
2304589718
4500546325
3752308686
5622630128
4218278307
2570668490
742843650
3897828312
5591912479
7142028750
6785713838
2541055131
773936317
2884875235
6075415767
5682600496
3926204744
4393062020
5070599185
2982224555
5282593376
7140340116
5259946665
3904258303
5033436795
6299189166
5197233945
4512558418
6770731797
6841624085
4926315182
3956237240
7828354200
1718919388
4550290346
7766802756
2396209650
7848052603
833588958
126633175
2254461327
3883045317
4417963802
4174125082
5163221068
477342821
7766813880
6304959562
6506424373
6105918453
5666569820
4373859544
5734657466
298197581
1734344934
195261964
3020663747
7849784929
6720838618
4965172028
665301427
6389715727
3986258682
2662024384
1397433759
2887977290
5691649586
4137810621
5377754464
4794549048
1331137324
3428610090
7473208296
5760595754
4239060489
3259371254
1024023756
2305539707
1836445135
5349698661
4791326317
5532443105
6738620030
5305680925
5320963284
3319025374
5238285673
3182862479
2467045707
2486470451
3009411515
4820532953
6532526162
6582216014
2231474296
389463271
6382974548
2387998573
3156247103
4974674721
1960476133
4442277738
3867957182
4385430167
7137912386
6167831066
4364783899
6665448070
6078608508
1282594095
3236032801
368934475
3272433180
4381868321
6786314743
2682609052
7785882750
2766129812
7288920645
4095722232
2610390994
6837492140
4283272142
6088503681
7675046230
4759203783
3350983859
820210618
469186334
7376983003
6048003373
5923809279
4542555009
1773105385
1536834031
2432942754
1223535284
4100531979
4579072141
4781912622
1959166582
7330102970
5486669496
6086228575
4823990214
7722758523
995100184
1163683581
885690304
856384982
2197129718
2000730064
493152100
3228012212
6136971613
6291579291
3914851579
1583872836
3864276188
4670375990
1795418980
7109846622
342178045
5104888327
6301848668
3365924210
5994216151
4878727575
5547963198
6446236640
1680501948
3430209173
253622534
7324670735
2941150170
6131484434
7631454048
4318912344
3692247105
1605930994
2124643286
1423480532
5422816524
7725509605
6755901027
6585719963
5704575706
1226751135
3363610921
3941153449
2941422698
7410785955
358103419
2462848063
1470219430
1730469245
46196462
7833058822
1116661038
4835192179
1966674665
2288927753
491084988
7549440428
1622099343
2029262375
4823521326
1276139623
2713020268
5074482571
6590298914
4078109797
591047061
2605645051
1904117955
2648043712
6222680516
5864998488
1993620533
1797563318
6834891585
1557448173
265335497
6077801098
2494119559
1768428149
1209039928
333933180
7842990577
4005046651
3891719802
6957837975
4904276465
7744343114
1726914316
1520551056
7762500580
5586513636
3008583820
1937653761
6791298827
3458396295
7448724705
7789508251
5012397651
214950421
5358188641
1840439323
4826425566
3606747693
4447642716
4055902766
4794792866
446224450
6653440446
5326757175
7770489725
7556130737
4623467169
4003323617
4365314424
1232215909
2885897443
5131105463
6871744044
7224345217
7259320722
1376318489
3079353031
4469619679
932391052
2644113516
6707833494
5823346275
5289935767
402057483
4791480236
4108820178
695765671
4258488984
1997344914
2337053865
7173028629
5845354569
7540934488
7710466290
5270835585
4172177061
1691070049
388837124
3400466675
570590958
3024226309
2488586100
2648100966
4071314425
5631456930
7749838891
2456986187
3275316590
134886942
7088610991
2227598512
1252738087
3991297342
6303232568
1120654304
4691839350
5853736108
2183121743
6315818252
6996971679
6718577764
1014899326
4786828525
4902558709
6467609180
6681801414
4999578806
1993489272
4215138811
869046573
4648625364
966116351
3502185609
5381258058
4251007828
2740819538
2111979445
5188697752
2956422462
3451536382
6757332997
5394107544
4195278146
6657921127
1251425145
7784931479
5928008510
3147105293
7273710636
4709050718
885552525
3900206958
7766158084
1586986543
6257355520
1477088878
7717400384
4036136987
3705866183
7245734635
2506508394
4333436844
7450181683
3604724090
2957726399
7011955499
3936267504
1724037861
4755827057
7342093229
4787861131
2737050023
2918066402
490784634
7798674003
6497444274
7407688722
7655616312
3944203599
5027529138
3269904144
2236238575
2904917623
4466918928
2672490301
6470627511
5330227227
7640330153
3025057270
4426251253
7805633163
3470329008
7469409815
1091452380
5193122125
1693068181
3610748088
5331473913
5277925367
801239862
6689756144
6331945779
441875256
3252171364
4933355374
2218536406
4904657668
7447373398
88699387
289594376
31447265
2620633210
4680455960
7218810640
3097933237
6265251371
2148594319
4797833381
112249681
3423222361
202548550
7542665257
5536047830
7798125128
7379793089
2700956834
4388978732
2518970009
4708553814
1063085693
3797739092
24239570
3496594270
2325075174
229407087
2590393470
1705596008
6340721200
2736881986
3923948145
2759065970
5523853439
5178938574
4029242137
4781260141
4646084463
5679185362
3603402276
6478131486
2232361749
4199508378
5856758781
5280521112
2353665102
5061303328
6067818703
260521856
2269287211
5739500858
5632082975
4234220960
6330489361
92408479
2897230006
3038294370
6819930573
6427245420
110118798
3029666497
6632245517
5843069279
96155372
4400692504
3308563409
4822799845
4012274683
5526553828
5826933645
535599592
2500734922
4815535168
5645035529
1722295745
4943764918
2416862006
4645842115
6427797799
5238743823
6110571589
2929666166
5279724814
7688068670
2448674700
6368794675
3834109528
5465083522
3116133239
2726123747
1066008364
750444995
3332316285
2559525053
5813569873
1000928986
3499584268
2821758126
4346601778
7634086343
4876011793
7818747987
2584529515
2687427000
928782193
4810942428
1929239238
3083346656
2850931849
282278647
163485137
7301408880
4228102618
6875585830
4599346900
4784979970
5828419469
6649187002
2518032436
1881382643
1442448928
4311257525
872283541
5360110532
4506879039
5371316265
6103423447
7188501983
5763855884
4342930364
4511884273
1972715651
5853758243
5812248823
3922122625
5619411788
159851145
3636867917
5425804789
4989797087
1455792092
5632160989
3611895932
130406950
6734673451
5688160464
299070943
3793829254
3586890132
5727106172
7020537729
244772368
1514762592
5798161206
2042341749
4159286984
5936891733
7420661469
4957533216
5690694561
4840632445
7559742744
3785712182
7489848483
7054631321
2359121526
506055609
5749606930
2802358729
4253197124
7529037877
2590083093
1281604955
5020018109
6077666272
2106681029
842931902
6219902214
6529370074
6225670381
5171828471
7525710704
6292462576
4879319780
7441438176
4892886117
6391671992
2690830617
1458773313
30042655
5734463293
2253345127
5941777837
2268217112
2588071103
1513535256
4495560261
5699955606
5100354315
7331108481
7722172328
5583537261
7397777148
7161541353
3849683442
1187081292
905129881
4220569905
1848205657
7451223937
1209763795
5545156876
1243452362
6755742939
1651207054
5516696618
7736232460
6137427515
2286594627
211972245
6316898399
3492507120
2047658508
1851043782
2145006464
4276952215
1789588546
7311147838
6951121263
328044560
4974682596
7438223287
6620369469
7765533967
4308638677
4920381840
5989291710
3239276176
6496782101
1891961929
1139413674
1938033140
2047331328
7820692488
2755664192
698302314
740371988
1488980441
6991729663
6035587764
5582138412
5199528533
2460133572
4801507318
1781171249
6341763807
1960993981
5979541759
7193768194
6056936856
2177124510
6099664892
7599467863
6738530994
2807802319
1055816369
5940960543
7335283830
2877653268
7794908192
4116898038
7422908041
7829259825
5106145418
4301959378
7555382572
5711763433
3200354685
5897079352
2986638433
2973837302
941936866
7250141996
2584941443
4728554410
2636954850
338035993
4891357125
3569873784
7391276851
1251329951
1546426544
3474160841
7123706615
2900110961
6646608926
3198998622
5629692614
3286442366
2057818734
7510235303
3155359622
4379204181
7465661510
7064851036
4019918621
5955503478
4903738845
119963367
5174226025
6015208988
2077120447
5216889001
3552141001
4842857778
7677055055
548705076
2181725873
5860101551
6052468052
488658798
3596162604
7660870658
7588790191
7037890458
2241209
5580864799
4356422698
1078335539
2683174347
7166240366
6073805437
7095181152
2663367803
6108677079
4598607697
4572244049
7727013529
7419678873
2993816776
2391448738
4950971796
5290034553
524836765
1324225183
3598252809
4967197615
7196809272
5491713392
6755373280
1299505860
4651513829
5414146906
6568424540
5575334675
6305621576
6942520131
3513372184
3906037057
4976081036
5343925408
7360997367
919060911
3481792954
7386382683
4343403199
7589200014
6455966545
3022680743
3259346327
3904677319
4333521595
3823089180
1894181190
4961011969
4972467226
1354151904
1332735883
7728682515
6591261971
6475139418
389077128
7681212643
3017444678
945141567
780690900
2776049374
7015093912
1718057184
5706784031
3592690085
2680107006
6356316986
5974402618
3141759847
671296842
7085415625
1233330257
804863281
3271801732
2615662488
4460439541
7431605211
3236358183
3391814742
5927643253
1438155740
5161513536
2854062457
564611609
4609301008
7330831522
5977184449
6221661227
7577514414
5204061229
4690863313
2364373331
635580343
1583982244
491435125
5001604046
6731056015
1682371210
1418199173
4323155721
6504620686
132118614
1217883103
6272383953
6358915642
879987177
4160414799
5107960212
5238479020
48243084
2485386259
3399866117
3847067455
6549652411
553513172
4683486950
977496727
3715442286
5491633630
4895095406
4739499797
3646805983
4765654756
2048296867
378910014
6691898244
1698740468
844239831
1494514239
1945410596
1409626304
673819714
723962892
7067024789
1066626373
1848180062
1203309308
7372281952
6230034363
5873392949
369305136
3407690855
2149754284
6001188471
7101029823
7362295385
6676430153
1142654032
7416452350
2991178004
2814386715
4898662571
294586448
4967435105
215439520
4806723668
1501183448
5368905463
1960218724
5181865849
2545588781
3716481907
3726593879
5476083093
6457131430
179177356
3337911327
2850267970
4800824140
7829227174
5591080202
5774095091
4479239352
1781850861
2873398808
1563017825
4559348786
6797251626
1044395880
3236351027
3872085447
5533654398
5738878707
7451299138
1245919374
7040881039
6437955856
4778490438
4344554172
6027492457
2336387175
7304494290
531880229
4461683647
2795783942
1326887633
423225314
4587944824
73865144
6891170010
4809036671
5918223538
3924351451
2281157509
4253781470
4524085289
7476666720
3227610589
5871314500
1637157532
3511936048
5211929948
2538578280
1734979109
843202877
6014485939
6711187543
1696154220
338294608
7835843587
4264154148
6418603796
2040968512
2442241420
3281448945
3176116680
1522255156
6861128449
5240906184
1941369223
6337648786
4477359200
1675920819
1884530553
2120426781
1354897835
6047895798
6939885699
761598428
994498701
5145770004
509107977
2611999523
7186592305
5932019365
1714695580
4065218716
1915442964
659172870
5602680627
5006990076
4297740942
6735398512
3618432854
3585502604
315631838
2034795038
7849746904
1695987561
5986667902
5365552472
4295193952
5409414245
1441379091
7286150708
7062179880
3258455032
6161082414
3691096681
5091825954
4107328289
6014038505
2926470287
430766869
5791476289
1734737877
7103142363
578774172
7156687368
405698363
6054779181
657046961
5873676619
1202058762
6894451404
661074204
6967405154
5815736493
7377112117
3599335400
7279801380
417232167
3863445242
3950931806
142861587
3370176295
1589510563
1351325790
2065193903
6950833084
1918090457
1551439401
147524057
6588130422
7072539105
5675670940
801344797
4930287396
5638772759
6841292414
4658514792
4296486158
2473303037
1739983714
6405087035
2244953208
5230643149
426977787
4838593359
1870966863
5189129168
4580273728
7600150026
3459912516
4201590630
5140964072
6202862667
2737560376
7108994704
7473355868
1377680294
2630011883
5383904285
3368737348
6624414271
618584479
2387025393
5370316198
6701513800
138229454
3595781491
3055557614
3310030231
3920395238
6073620918
3740721202
3001227778
4572008316
6679691461
2933822662
5456555860
730164579
435358655
1014385382
4863189447
5527364379
4901717342
4271583091
3157057216
5970843045
5182169043
2412100431
582265489
196940
1109071789
21075933
7829987985
6841602289
3182285297
5695188881
4219138834
5472228361
1608956182
6997518917
721766300
5083835532
4202319898
6529083975
7287446376
6516793410
3907324962
3003125115
355995205
5815909040
2791394410
6627666188
6140838931
2745664068
141007317
5977318935
1382458578
2368473022
3473684693
1037418454
2400952813
3788321725
5535170102
1141273367
117953333
2815363108
6355696735
2483528011
6370475767
7712945226
7782675231
2422335253
7470523091
883008929
5952122568
255189718
4987153571
7693762791
7446983802
6831076102
94738748
438372954
7841678898
4499000850
2688560903
3507317055
5785283276
4370795388
5496233452
6695446794
4305222524
5214907941
6110576105
4588420621
4382036243
2427189722
3113099507
3924446138
6390167282
2324720426
2638690954
2768308849
214299294
2444675096
3192438118
6111668354
5925401407
2969209198
7652052643
7055668292
6055622710
6954352454
2474394073
7185047986
2950334793
6904302652
670939504
1840565040
6938500501
2379749177
7574136464
2100397824
5494026558
5686522479
6505096119
1288580376
3966254690
2315021577
2149270384
4193177924
128879823
1515422515
1783369348
2223916543
1787850763
856842220
942767387
2953912993
1684623162
4166025526
5262667428
175990092
4186809092
17848875
4557868162
686736947
1804701035
4680002660
5712746851
2341753337
6589578709
6855002193
262103438
6841349413
3756375433
3731147950
200719726
1654298967
6963035853
645071048
6968229153
1052670192
853088754
5425368668
91995123
6138588277
192595399
3492039742
6842991735
5072455904
3344126484
3541775282
3329857198
384301139
2600136072
6279729910
2511107270
1754208118
1471921738
2110147329
3768635215
41825967
3512073756
3342874272
4398486855
5996758846
3850692780
543868787
6768269031
880499053
2989437422
7626966420
495404090
3103418862
221072928
1617225116
7592268831
4297514477
7484783729
3740094465
4680274019
2013999739
7552547232
1324843978
5950664058
7456856179
5874073644
5253034150
1949131590
65734294
1134776884
5019685823
3878122728
67913215
4896065127
4792607897
211756217
2010741098
7693198064
4099089838
2471575141
2798924218
4815297583
4502890253
4180037554
5862930228
331494896
493154829
512519926
4290038580
147474678
7071495346
3787442404
7506967590
2162284922
6125855608
156618133
4860959789
1771365080
7038663716
2756401964
3413883100
4299770469
951842490
1471925917
3141732167
1550571224
4868951403
6117418884
3011135329
6762240746
6237360567
4488460981
7390462117
1769660744
3916322204
4105116977
7145109026
7101168689
270335062
4321554204
6389064889
3553603506
4819555807
6122687743
6083184315
896765853
4109050151
33799627
7573769312
7244266092
5203088323
624134387
2292833196
1205076005
4088062491
497768063
3593789154
2036216107
5258812265
2726388336
1590137241
6338671884
2250969024
7622389823
3726037101
834334921
6139213430
4189700465
7340858731
2088132482
1554181498
4986094318
1962338521
532339477
806366813
5306653856
461705157
5781412332
7370621051
1153478933
3543985598
6855036974
996319719
7739738440
7554018125
5690093019
1487743686
3188396544
1463592419
5463169732
5706599948
7288922442
5828122244
2781572466
727849222
1244809551
2538025230
7542195461
7468157228
6413071986
2390348804
1816840850
360155269
4718566319
5051458569
750412262
6407558918
4364337287
1651559426
1000657307
2723539095
6333879387
5416589133
5109444764
4466499064
4327882295
451023835
4027338607
6932904670
3489286921
4630393405
5371698368
4330352300
2107635715
7639566439
2090668458
2397427032
3564100240
1744754975
5400712486
3266023967
5249625342
7603011897
5492088156
4089079561
984375583
4290731438
3548320416
948048038
4631739444
1869229029
1634575902
6497121166
5787022524
7115897930
5394854045
2516168755
3320939290
4477752777
3825737175
5468522990
3818580655
6316487066
6221344693
628647962
3611036699
7007305265
4703395974
7600052158
6802699467
4651453627
608399889
4750079855
4246820911
772408157
3253335421
7059891050
1244604006
290693688
5108985759
387384942
6421680128
524144259
3670075548
3674976747
1016339044
2166692504
6352243238
2450234843
4036413483
2867965332
1627350384
3782917602
7483177470
6215520219
6047310820
1939480652
2176434822
1787351195
2526717351
2368347563
7179155631
903542249
4532168868
2921129361
3781792653
1265436643
4755460983
7176847916
2933245407
6453488367
4656541061
5470531710
2026436475
4940733379
2477920864
4588161239
3735968273
7303965835
37281462
2605978816
5389677505
4512087960
4243888966
324192803
2862152713
1214096922
5427244974
7434565152
6520211488
5074299185
4544117879
7219111523
7721833889
1490412586
1012633805
5284761450
4121148870
2566234280
6317710637
5115372377
752087633
591321987
121306546
1988839310
3809065942
6642218235
6576605054
7181743255
7182308774
3278792135
4967321523
2984578590
2971922585
4538652015
2550754885
7337751099
508003483
2243340235
372303258
5652695195
5200510838
6853655551
2658414171
1201771300
1670987174
93394162
3243392897
4575466774
6149110876
7239659384
7147068066
4755599014
179529402
4710105663
7622242210
1556027357
6179203520
5634404631
4674517799
910954270
4144978503
5411627450
7421779047
3283374117
4566700939
3434827506
585847357
4687327958
564355149
1705150327
7281307089
7139196945
3488586012
4177768234
726995284
392192528
546761403
2675248894
4607885879
1768515649
1658526099
4808307897
4534466633
2345810436
196563509
2936553400
1738172072
3280075192
2924172077
3361620067
2265914002
3238913740
2998264368
7632334046
7086804639
7319595758
3898740377
4245103453
1231638499
6542511411
2040804126
7521572309
4325850727
6913769062
6574661894
6973756149
2313846656
2786296120
884051606
6933740538
6683527115
1003285658
6158043436
4495719717
211406043
7483318210
7480740671
7488597652
5208577189
6534825402
4852282605
1939585005
6450190259
1878695152
2880710987
6962282705
4273950372
7120976736
1660155403
4311374470
670547479
3773677723
6373671333
3646550026
2423918738
4455650634
1035763355
4236520979
3412516755
7089601404
4522019659
6332846865
1122152114
2187017306
1499111543
4493962247
6945848661
7485006435
2250770359
3151360104
1934990366
4599441876
4466830327
4320226225
5612939455
94824958
732742841
1714046068
5800476224
4558081028
1489814365
7179596715
3923974009
7418923759
4038861545
4713270150
3458497368
3623053220
4935299422
1245509951
3771287640
1237889289
666058050
5644433597
4673422584
2189623423
4922554037
200730722
552329589
6597402346
4528934559
887514562
4239154135
939058256
3357032899
2013898877
848947017
6718049469
6846467335
832168181
5950552536
4483807758
7833320707
6949175573
6875057852
4895079304
594947391
1516816626
6192827020
863861209
283969728
6794137465
5794395340
1579992549
7219390299
2353845262
7104329715
3722964978
137992080
6357490779
1506630114
4928040518
7287246386
5227049630
4290783957
6056277942
7612595730
618301893
5043193716
1511228963
595812304
13981915
6804380734
4058756976
5072925271
4937815804
5110270394
2156253613
7591093142
4527034781
5965200673
6402958825
5424598306
5576655367
6130430939
7187947756
3377733168
7339516259
4687836893
636018496
1511765734
2175824182
293236480
7325969010
3401743581
1028325665
2038159381
3014757861
5659200895
1780605077
1855197450
144476288
5863104063
5913229537
2625393776
7149209895
7056764958
11000852
7634642772
5724213926
3273439229
5849745354
923533228
7442314124
3269427067
888811579
420540134
1395417616
516851048
6019586616
7701260544
359821423
513732535
5271029968
243042498
3359651900
300726644
412109067
2465714908
3676654032
4715194983
4399482620
4223247717
6873605076
6064507306
2549539054
6910398280
5023936486
6750600759
7634780076
916008955
1887430879
2480293600
621785298
6568190547
2778871720
3250828991
5635137975
2715043884
2412357645
6943062213
2118538197
3132437804
5118523930
6297159068
2365729412
4649074272
3496452527
4274210214
7467616014
4604633230
1476249694
3309989309
3775720601
7586394664
1514751980
6904659602
706545001
7329195221
7808913781
7076518559
5274526679
3895396395
3788052838
2007845558
5344570951
2303100471
2413534955
5469144118
5405361419
3409303161
3969560631
6077049271
7338704356
5143258114
5156572421
417985380
3946341024
2948535980
4994160608
6368613965
6002671961
4517871166
1711107508
5408838610
2521958255
3142123893
5851413426
3976926174
7851343753
2650709946
6765727630
3477162253
4558432557
5675743207
6411035219
3908918265
1336075965
6851121559
2204211619
6192576761
483004670
139381288
1902927449
4180360318
5878266676
753202721
6690725451
7756415435
6398043974
7478519570
3986900525
216044444
2743551151
5736375803
4653736929
2789206644
6924980388
3802402726
6306716496
5757566340
3329872152
4113589576
3164944479
3583300607
2825032662
2144757215
652869201
4842196334
4500480740
3538622579
5558195421
7076645121
1292791943
2581922301
3787356758
955095376
7624802364
895006089
1440537187
6839015159
251935678
3124083248
5403021654
1484974486
4798517041
5697180308
4256000315
5255300858
1750528518
672928295
6514489260
497443453
3329855570
1987243877
7648429482
1099934196
1070225083
3725346330
1205338611
6996831096
2151802802
6629060624
7332919326
1671536895
6175933621
4367862158
4499406450
1907741061
6045570177
7438467355
6047345230
5522792224
5219779877
6952014607
6056614943
5511367323
7229778568
6772751623
2837213752
2922372004
949792287
4298100059
4031841903
7281126771
5495283478
6891307599
7532225712
6460616123
2304767602
3119477514
7746916374
2120881995
4681431781
139944521
6802354381
6959961679
1847973339
1737252728
327731199
603774586
3672161876
227142877
5926755597
5872379159
4224145068
7053706526
7645791285
2671669442
5164045033
1709033990
4130193826
2845217678
5081127307
4534698452
960918496
3426817425
7432044614
7224675401
5346884711
7758079472
5838591183
4368100958
2197875839
1037216386
1372103595
6373449150
6054463934
6476971926
500382595
7658622309
6288883322
6796049837
7557493665
3659949199
2894797527
3321120723
632137483
5590133544
3753007021
5342887091
2882960273
2979074323
6323781939
1281447935
2215326734
861084184
2217269470
5656247282
1000039517
758308365
3788572250
1729088159
250369215
7319497768
5145540498
7357746716
5029470220
482864983
5297258268
4836433754
3617641046
1031124374
6242659334
3544702200
7067168119
7599586765
7043803636
5112181906
5758244242
5559928719
3592959572
3850732429
4524510906
7703948307
7659145263
5549316260
1134715436
2084794625
2877207696
7140256496
144659504
6298449219
3912332604
5182011190
636924577
6164583078
3608664954
6337638849
192393627
2638878135
5710482728
2939061337
5559007459
964333196
6367199729
2765732498
5004134683
7007464434
4312266283
3441245140
3688634226
2004194248
604032998
4568907994
2399322457
3831155367
6242496002
7556483820
1743867713
2191109892
6434026707
4716003175
4465187665
6912031762
4918691125
1818395597
1088918198
5797615014
489278417
5094144736
6032520121
2398102562
153272742
979145399
1289511312
1057577278
7360797290
4646847406
20810525
4346729285
2799546448
1724215290
40638844
5902794939
6476704927
2101905582
4035467440
4421399335
4677149178
3297185420
4343441291
4296269654
1211985507
6709517716
6681372594
2522984195
7829138171
6635459688
4985225765
6353272358
2603151578
7325418200
1314045196
850056756
125574228
2352456295
1940199808
3030433388
1483705696
4719695548
498320718
1579644371
4741083923
2975054012
6504251375
6145464799
570036138
6036969780
1375327490
2309977313
4286178701
3032997958
3575955534
1926914509
543967287
5103261628
6995920165
29549493
1828312353
1031793069
7221385217
6002029091
7149338252
5928130839
5165595597
2096636084
1739728655
1294872573
4124468170
5936342497
6214693
2721832291
6566182659
7849436673
2021585220
5077128968
4471470214
5948839091
7278162650
6600763136
5971999607
5234972640
4420956723
619421157
6304555523
1014904370
6463468202
2137512893
1747570419
6129500988
5937696373
6792301454
6621912546
4379490985
407404027
4394087858
4543634532
6505037061
7491694573
543153599
4066752291
4515833014
6429481925
4929122080
6233166132
2861599934
5041974785
423287061
4404493699
1559431283
7246082343
2708857135
5983711763
1584908543
6877443626
3959406974
1248722734
1189134287
2953173036
5175066987
6972050513
1902561632
2621349951
861937538
3886334146
873422767
4575184024
5184807728
4946455791
2439301285
7288441349
6144784774
2445150568
2537705883
674373232
3685830471
2492010984
6988900950
7417465
3993115739
6533123499
4489932512
5312176869
7524648166
137043924
802018365
4549086211
6987606827
1772020667
7404579307
5354688630
4268684975
6584656619
4352047807
2345280026
5549815477
6196296530
6261384226
1496805230
4883198102
5563115991
2590936768
2802955421
1205415804
2607596893
3132708733
3857045939
2383512652
5247479603
5368564044
5207303769
188940791
7116960674
3914438087
4924507771
6023842920
5856660897
7797747701
3563803608
1795435888
1700994324
3538479444
2473744852
6734639279
3390617439
1383665425
6736824376
3463801894
6706108142
868187671
4268175535
5717402080
6758753659
4284671305
3654389824
5440510017
1643398147
1217084275
3062567658
1266338528
1875734989
2085892111
1746624718
2856226487
2528488634
6106126311
1488154901
371048125
978898100
238190109
5606564156
2760538389
3302363168
7591549876
6346280427
2525405390
3726470536
703359852
5692236721
5295793990
2374396533
825135220
7641815980
3700408013
5665221931
2994448065
20899026
916759986
5687352870
4066254152
5795641388
7073617055
2004368164
4155537571
4590143321
2381361175
2375659562
3294431546
4951911828
5778621281
7648632677
1695066793
297536848
2346640552
5042868657
1510494403
6537123950
337651568
6542822476
1167923175
2445064197
4413892233
3713016070
4303605640
950676805
163113200
2555878783
2391801404
1460601146
5737052639
2184160334
7144688442
5221681609
4583243036
4265011909
443227750
2956756536
2056673689
7695176667
368953026
1835471803
5414535170
2152825847
3437554786
2760785443
337717343
7736814034
680368537
2435254647
4454920021
2494978238
3170476217
5789595378
7074249669
6835342815
4826790523
7736725601
3293308737
1671746210
2861860688
7169744937
5225709182
269886663
309372594
6754551664
3424851352
5670229918
7209726684
231424179
1634713941
2431194456
6054018370
675840483
1881487759
2678467400
1253696820
3160343855
5721431606
1593282719
3055020926
5502525636
3935697087
1764504489
6301258355
7745385751
7390657964
2219939191
3721297742
6834212831
4275103753
404619240
163114010
587627304
4894258169
6664489689
2288176171
1007231494
4532361514
2031993839
1803030693
7025075294
6895551816
3719105590
5869150956
4196588755
6932921196
2102381311
4088616570
1587374783
867407704
7649744552
840390287
2416486127
2686662860
4344965750
5684438602
902663240
1542042676
4786041794
1678087815
7590123277
2740118304
194658825
5715659585
3934483902
394148630
3510499371
5560218519
4925152659
5242764491
6876038209
2468926073
3877348129
5436620353
6071953745
5939826491
6630378739
144757838
1442871633
7573047894
4872073382
5760813170
854937162
6042587307
5438918428
7049032288
6188216778
4357887051
2064233197
2061872101
2638230361
3501459209
7304173724
5763739899
6374927886
5787055735
5683361721
7414559090
5930013538
3740783466
7736773913
5129475104
4274590703
3036417119
3957883672
4899749151
7137407390
7735854953
3741568628
2479401312
2721297104
91845760
5576174548
3163912572
6869000879
1647438811
4606005625
1924245019
7797755967
1654832300
989254832
3311926195
4196214695
2061043586
1140894334
5301652787
1142858909
149445031
5405053714
3717444659
1763974836
3816999730
1567758816
1283996416
7450485405
966445520
2869837755
1343868848
7818068571
620518500
3082836321
994749118
5968398399
3990058319
5822649814
7707360917
1052674602
6689049528
4754969128
6496858891
610677212
7727215966
6847343372
2137039191
1811949838
6864586946
4373286184
5493640281
2528004893
7044682398
3578386531
7107018629
7781578425
2247227688
2834115487
5374190070
3472652523
7090413539
5965027341
5488132889
788310593
2998031501
4727429611
2882139792
6441531357
160019581
4220373044
7576419365
5461456384
2683563726
4184902924
4043489812
2759683482
4102718996
6769937892
724204973
6749958400
5952910581
4001885922
6449268702
1282690109
32736890
5849204078
1830752409
3144591999
7462056169
1269870982
5219216637
2932195331
4715961726
2036153396
529065771
6119631041
7752029728
5922617571
2823889651
3998455894
6896586610
4825619693
4234797997
3245596629
7019907110
368962330
7112844569
94337799
2920066506
3368996488
2802437036
4389653439
885045892
5986909975
792646837
1290352607
1951915187
3217262789
329265813
3525653190
6029177848
2233491134
7264716959
7685800379
3822593350
62416226
1146369862
2983903545
2575118665
3916581831
4539852981
2182018726
6714166279
5909505937
6564849407
667014072
449745233
7265671402
6015391212
6026688579
2853333951
336277269
2878176504
2878145345
7009716896
6285539425
5339872424
2691086385
5488847725
2942455260
3727632045
2198002126
4175881492
1817854157
5638336806
1150258104
6671488926
5913807132
3758545705
3021539777
6143222757
6315123220
2626835846
2493680367
6784920469
6955378210
5148912831
6140978692
62801664
7665321713
7746348603
922047604
1402129238
5024958497
4067736917
7311866057
4974123919
922210954
7202465234
7712336137
7003228770
7384062487
1702612975
5951291141
2693549559
4463751558
7768018103
2780330605
3613569573
5842933111
2176173076
2776335747
3751410909
2064684370
111842
1137898747
4654116923
1383834709
5439795595
1350093964
5718616870
2932330844
1533565753
608854003
4859702635
2364934564
409635132
5282241414
4322716577
1203794874
7351965547
985004993
6486243747
3796047985
7670132029
2553875676
206266378
6218470189
1002840097
7771949002
1928584118
6631496282
3858911559
5071869874
2476175678
7476991979
346723925
3727263886
187205383
3894113556
4368138916
5498490545
2536344335
4840499512
7070120704
887998504
6697091683
7290247373
6738763878
1161986255
1391558411
3910200347
1871086919
1093686431
7075039120
5769277606
2310228152
2390528226
4719041448
1629500700
5737728018
3036191571
6887801627
5229437598
3356793539
6687424914
741595610
3390493683
5836857175
5699648262
2585622849
3783312895
7494702505
2458645740
4525991312
2442018377
5640634942
3417749649
1928548944
2964980732
2207303007
3706496945
1413014994
4583051156
5563800554
292227407
4194733316
4059185321
7219181406
1138134365
6377802715
6806121967
4021789028
7469893359
7145018433
1463838086
1693686803
3719604081
5936768627
4205112987
6150464105
6892393511
1115203427
5347033448
5083389993
3231576170
5225385769
6347761686
4471376608
1094904479
7392878680
4514238678
5216816557
6849252403
7676427855
7104146673
5640230903
5735878608
504738287
7508518010
4244398857
394404179
145090652
1701910557
2525787668
3313490481
7079811831
4220890019
3365374308
4101917275
2654666249
1018699566
3446793252
2200780367
3513802569
5028342842
2619798970
1704568097
64013100
5918786754
6177520758
1127351585
2889028697
7526768364
2583404755
263534294
1082120435
3621915506
4128216756
2566973418
2857097398
2389584090
5031320724
6279256149
7618626118
7421815165
3153217554
2531649831
7063490397
5912827479
1217866159
7054803606
6035898054
5301216979
4052938203
2116295265
1037137079
3390958832
340904523
514316534
4730159641
498651732
5572816681
3870858672
6505175000
1132264556
6486559985
3953829538
3759818338
255042694
4207532942
1725466869
6329458833
1342535555
7624898871
3966937596
6323809016
487678376
2596293977
201528104
3524968074
4035850654
4671168111
7533418163
6539892032
1409884312
4651127448
4310538707
5897940897
3822251078
2142067711
1085770785
7853302450
4860769472
4993238840
4169762352
1271520563
2090768484
1452285240
4791052757
2877445398
6500528362
7436682968
878506881
3629241255
3224229319
6739795797
4331332836
1099827277
2886869127
3909980338
3895238202
6450985984
7653339211
1541169057
4881138081
4553926906
4106687766
6681479945
5683061023
2068275324
3281070005
1665207293
1920616097
7803428944
2232875221
254658122
5003066120
6323218171
6482280729
1496457645
1954675174
3359468071
763157326
7259702639
2525582371
4130080506
7796653227
5449531219
2439373322
3226226500
6821553328
2902288203
6339247578
1427555133
4071848764
6489167621
1313034188
1679789811
1676433048
5161313328
5206958611
5687019187
1809286709
5630857845
5725117462
5834530149
125944290
2402886814
1972950233
4139472463
5415037639
186830450
2956640288
4647214386
4216469542
3984342151
4272244063
7701832251
1869634821
2226396810
7228774562
3177914197
1248554101
4870392529
2125803993
4675272494
4522299719
4398483107
7021360052
7678922291
3528832959
6485627202
2081977721
407689183
6840364516
4634032294
3604417090
4017390574
7530218267
1192267901
6709612946
7058923251
3912108516
4996079241
3595181190
4019380611
609354704
5963824664
2746828790
2601185632
3679958079
1062142257
3745957361
7706056776
5967327372
2213394629
2591897713
2287300844
5897305953
809461405
6456426663
1675979746
1643197170
1329940058
1498252071
5039532158
7808696970
4467944628
5367302028
7722609287
7464411023
2714186460
287173621
2425712293
2909666754
3354303811
5261461509
2079564857
4553255132
1567821221
5577295399
1586646838
517605838
2588033466
7557798496
2093415655
4989433890
357209014
967940541
6225943694
2607377212
3397660414
4847204971
936583538
757992131
4584316360
4927241000
6985072400
4871253239
2166335729
6383056328
3333276840
6577049312
2483894101
3043378871
5186132257
5970429032
3462765231
1435855132
2245955467
5108326826
6415774550
234865468
5114309937
6917301106
1603249836
5872601852
4911408907
29248056
2627725096
1861135066
1272667493
4643169283
4455735909
1062799804
6206277414
5697973624
6764179909
1457326340
5192373212
2759582943
2659511007
1117126729
17303356
687747434
7074070175
883082800
7505071687
2938679672
4015323810
3756057862
6135804051
7254051413
6727844524
2976706982
2762796235
1589929952
3751297720
2459201188
3729955092
5519561740
2027770471
6756583725
6090730775
7329785431
7332733595
6569985749
2002212581
4298062232
7697845722
7441389940
566344543
2812542242
6039438185
336443631
1928258514
3959367335
3325895083
7323018271
3194503586
3876118593
3948041641
5238592320
6615011753
680118650
1850554484
4265685355
2634980262
166077649
1411267451
6999349157
4763537510
4065150969
809898914
1447307955
3570971902
7787338413
5061148950
1710047618
6235382908
639025881
1333867799
4151742779
3225540719
164748539
7353265523
3806359066
2775915279
7090447385
1106219432
4143453172
3370942146
7777753336
2514244554
6207880889
7358759950
2537403979
319570796
3130703538
7819952310
4776164242
3959841264
5652786196
2541454744
7099007251
639635025
4801380541
994473599
281818249
4867478774
3140224806
5881572466
2743380876
7032408192
7839079931
5763519469
4854644461
737906993
6612835951
4470421682
2200272922
4123614032
2652388690
2848579128
3527430729
4552207785
2738764843
1554737418
5195373595
1088431974
7785341036
2107714252
2144262236
6685999677
6862764115
5430874677
3761542270
2716295042
6181863527
1346130085
1740289351
7511624112
5856290231
1101745034
4725919465
5590673557
4916174014
6771467484
5503897795
4826713023
4342499447
5567038532
3120849831
4996602016
5682001062
1594898654
5784011740
4919272411
4931085699
82023287
227380344
3081641876
4739241114
2059209016
1525249290
64790713
770659836
2615696304
7803377755
5505530141
4117875667
1370472053
4342319118
6863064040
6637116113
7632656925
6358404526
4019339900
6424917378
1191200242
2451760499
1118011192
3539733897
6554207452
2627289229
6977012617
7362529070
704295456
3235062512
7580157070
6737595755
5021560996
2792784584
1974231465
4831029085
7847074446
6137188675
5896541442
5678858333
1407245983
5511306062
6463001508
1537667583
5909658813
7682361361
1167906236
4333008656
6601754718
1670104174
7524116378
1923215400
1463435123
4966433088
6941430459
6339094649
5232914020
662944771
4419222807
916663434
2881830778
4557442020
3079332791
7797148423
7056267924
5386505781
1371881695
6343039676
1549462394
2950847389
2385482507
6105447448
3006395867
1858385096
577595205
2556597613
4047436754
2043106020
6873326551
2770690505
1875701706
1856463810
6416268443
7556325559
4410785688
7840519836
3741680077
2790374392
5626923371
496903195
4895760692
6617646034
2055020717
1537612010
2844514559
2431948005
2255466713
16892592
4612162129
6416362111
7327622078
6693797765
5079073699
856779232
5205832390
4430122624
6766633777
3242425244
3471481568
1918317720
5047540370
3181038931
2519193332
3745454562
1364183990
1897399791
6836378446
4674841039
7227090365
1286383318
2862741666
4624072994
2961483689
4975418782
2836340073
834757690
3132573514
1069204440
7527057054
4932391835
6580216977
7699349891
6884670076
467851403
4697193359
3593093387
1416263555
3307048575
4607754338
209715442
3856219371
6926531643
6071544205
3182377772
859896680
4610496792
2918781803
4739971365
5291183642
1054760136
2426660713
6093643863
5402567932
1731773638
1102211322
228326764
7654311134
5421377324
4184676528
6299899367
467161022
2305443891
1540555696
2384588337
2522729846
6972599171
2843023339
6471989866
688722013
7362556538
4682372377
5777014482
6300288373
2131852263
736562104
688250318
7848994900
4162478988
4225291722
3162195373
20410610
5998188893
4389632312
7734360599
382005813
582252955
3892493647
621549239
5963894336
5731769618
254018612
673533654
5073440759
327331381
3303864746
1864023749
5522708660
3153269242
7266991692
3450202657
583017984
7459534346
2428366074
2073424929
395582594
2473031471
4071427723
1191366295
1228753314
3036404203
5022729033
3359249558
3196213224
7781214688
1416109673
1910936322
4221177186
5483338025
1266117873
410804005
3853418414
1219400423
2565302431
4784945155
4697687105
6803304472
1997269862
7064569838
126353118
1609217225
1275033305
1613671634
4756925270
6664551208
5759720111
5370643333
911475431
7327545784
707221341
3415010336
433611306
6745375911
855299394
6461027847
1365232103
1097490814
2342204503
22409910
7157590139
2486550003
7255690384
2847045240
4916568057
7686203111
3832341466
1487269989
4282355945
5326216519
6846214702
5544167540
7781481624
1973913004
2023288233
3652962900
4042054330
6643834712
3208990165
6279653877
4706320708
2396406294
2996404743
4756703285
3257142329
7824637072
3668632262
2331652343
5555247204
6056343548
2362094888
7798145916
1945500163
6235993918
1073097485
375409081
7760330518
4078628339
1723933218
3246167355
1229163718
1390768303
5540115887
6841143306
7271535281
2106286064
6363226442
5791937644
1229593635
1882818768
3949892297
1978674993
3938359844
6057199803
983923666
7072977082
5823666032
3470684515
5328505408
889648079
78433165
5760754489
554659163
1350686820
4682611051
5212127209
5192973859
5157578300
6512484025
5000497050
7148862181
7266157056
5193086562
7772514200
1927350322
5901869747
2480702181
593904635
1131520113
6192416891
7257198953
4758146306
5567889409
5332880744
7092104123
4004951418
7557464261
6838146137
1110239958
5709021762
1553191503
5155691872
1889258577
5564937973
1082186306
886600828
817604356
322643706
6631313570
3089557432
2039065503
1670652744
1177239300
1202696180
217424841
995230196
2703030754
2929530882
3000163267
2970599962
6816589693
2872187488
1993184986
7621111187
129826291
7589376182
4034399667
5510483303
2811243936
6818935880
4539645500
3236041082
4531483352
3982506881
5518966628
3906276874
6601770769
4624074040
5094269274
210678037
439848946
1429390600
880105499
4536856891
7426505415
6757700990
2499738902
4424345821
3255371064
1516210782
1052478719
4019706671
331131252
6761983822
4745693013
7803277316
3350979189
3901364774
1439138495
3069970108
5949373906
6525936491
1211480587
2645688437
5778449123
3771721833
690660749
4492287732
2275577105
5342800987
6170357310
2795782799
2971997562
5870671965
188518266
3679846648
3766238937
672169070
2069516584
4795843169
7268683566
7543147733
2527142439
1748090125
6759591049
5421798147
2485309137
3421751038
1788605650
6591904621
6194242046
442354736
6238378214
4419905778
1817035102
5847202204
1208079887
2729467508
5195614187
1916239035
1379545267
1789941877
4818594895
7367021133
4709906494
1660493589
2904881889
6709729862
4947615352
6085564111
3202242825
7079258634
7376435905
1589320566
3028065905
2566026439
1220187789
6926478167
1309302364
1398652527
3705966021
5536594341
1015266169
7156007728
5864628474
4844079163
7616142740
5926185395
6995993114
2516618890
695720803
223541469
7359084784
2035265625
7417632130
918520762
6596027447
2421321098
2491721902
7807027299
7026525682
5618605610
1941765854
3047064936
3245533582
5759648750
5183668196
839362913
7208210382
7135325982
3242563543
4950705700
3560690295
298747267
5902401527
2298242531
913342530
6489635879
6086389362
4888057426
703139533
484452541
3445528722
4176816360
656595499
3126011219
2946694291
5688461245
846854733
6510093919
4267547191
2870175423
3311269891
3119681293
2367406298
7772175594
3703049804
4469982437
439347355
6590656882
334279421
411470361
4790345415
283555981
3887016826
2550098333
7230469587
1142234869
6268602937
2194951172
950100794
2711646117
2944365590
7433872964
4967957334
3186239612
6456611092
159994508
2388663041
3296500009
7209319116
3796523998
5900076992
2941370944
2435578113
4635509015
730130879
7144448008
4610816263
2265265684
546856063
7274135506
5868562948
5370629966
4690756152
3873005927
7267294111
500832415
4609265751
2527213333
6344265161
1972660077
5028379439
4102721724
6599403475
44267595
4697090237
711399918
7022476679
4392998721
2236923204
3404140736
833047053
4786092377
2570444680
4400318237
1967294606
4744122575
6316134822
5171421027
3299731039
6172385514
873130544
7148199451
5311723077
2914078048
623061972
2366673465
4570631969
7631308772
5058774915
7166345580
4735748514
3145680857
7468980121
3723855819
6868216764
3629772398
3937728591
2023313227
2173119395
4569316747
7603649238
2951096351
3928153382
2327364134
1684412324
4571073070
3805079933
3659757933
3512636501
359220176
831909885
7532246585
4375555002
869962023
1679415151
6455310789
3928797038
5799450182
5514385252
781230588
1836364739
819480885
4228194285
1350394864
935442809
2631765022
4571886460
7436205867
6433855112
628737115
5111355530
6666967659
1702247953
4703859412
7307121664
2604596958
3229657876
202066546
5291564833
6596392770
1701198552
4083256908
7710376175
7083599044
7165772477
3738564847
2784867484
5695409150
7089065423
186705935
3786513385
3816197807
7533393819
5083276834
5268373857
7343671878
1200780224
2113126204
6087704836
4648309192
6935303175
1943568558
1421883775
6243561970
7668720730
2365479956
7537791538
2490696742
5711123969
2620702337
5992954171
3827130602
4925489255
4114509241
141768559
7748218169
4312981070
210908929
1118336193
440668817
364580248
4532980417
2854834301
7691688069
3502835078
7424346464
4900283457
3528014390
6870080771
2870336055
5084557057
1369609896
5042538730
5028340416
453200073
351755799
4567502841
4596926100
7439005262
3762537790
788847060
5700506741
6261561562
5594569698
2648991120
5089912142
6823396767
4036206246
1448681646
614964454
6751796534
7820366174
3964218233
6145886971
5903046132
6602421162
1415059780
4011115461
1653206241
3764861995
7701202773
7797175319
1503499120
5461690286
1450323387
7468765470
6353277415
104633507
357607962
3586193794
6551808068
2886427037
765537702
2557779159
7457495906
4771071657
2221121581
3504689132
6227582232
4368739800
4909712817
6796622245
3231618080
3229000128
5578677856
2354090297
7410562616
1577071405
911955413
7632390322
4078326925
3665644010
3321792607
1040983151
1160462004
1908178414
100154192
6538495141
2377306612
4400263941
3311262931
4247801339
5094681072
2026745626
875876310
1475814441
813499549
2617301256
2269045183
7052133856
452742045
6444984499
7848672431
1221231694
4337468734
30652301
2357224745
5101224233
5728090365
2826846738
2593244322
977196680
18961134
5226341514
5023228769
4617935593
3752790223
1767027323
4002629989
6007313123
2517241595
3343253115
7175529116
3224240795
3475964846
4464666798
7404785534
6076095755
5667878966
4681661466
6489974371
4397590857
4047971616
30837807
1736615417
4728114501
5608351567
5505621688
4711091733
6495471343
4419575203
603693233
2508109317
3192066051
5992015137
2473621758
3231858682
3608292639
7371367559
6971037675
4164550986
2936330782
6446535849
1770098135
2763713226
2376152629
7307222196
4143296242
4610237910
4951038171
5084293222
133186213
2887826693
5512587484
5600671361
2244952001
1553251845
6000228661
285208608
7401806341
6793441451
406224860
275079646
1504116833
261678256
1352090022
4814666160
1950627237
7479199695
4816714910
6949034791
3157839566
6590056704
6368294731
5266782608
3789222910
5315422168
6395450564
185178736
4318535160
2556886090
6242479260
1268728968
3520310231
5909803763
7599877170
7741154651
4204620390
3104929414
1762522358
4416715311
2535568427
6269567758
6787873254
4355409469
4256245125
2475956614
1302242078
7115507134
3432441591
2756407693
5238161115
5695472014
5000575692
3689493377
2737811798
4204814454
5303693
1838991477
2927310301
2420462191
5595523510
4086064378
1142081975
1197126972
5879167843
4401719212
3302430658
3552401340
3400074891
6700282375
6027391706
5890799296
3297762511
2473883126
5470042490
6285674348
3974272992
76667913
4050679474
6107588142
710758942
3359114972
777109837
52312919
7501379083
7273764447
3264846115
3457370326
5977942433
5859116366
5619001203
7240168724
5264290549
2051775165
2643476894
2260510270
5458132615
4645619528
1413854667
4433655248
6902448220
5856155624
5280929260
1344947900
3498181393
4897092813
1800002153
1779912796
4392200460
5947016898
6406247039
7357647693
3499831820
96914350
7030898964
4001950790
859651744
6403076076
1043582313
6457532721
2277256609
1151253936
3696181918
7072514754
7540791766
4370943247
6549829088
3563890792
5361472184
3346392822
6733528576
34674331
2432457787
6862883219
61134478
2804159561
294320097
1251753155
424314782
6103457122
3833267956
3829685345
4379876151
6280599506
6248872670
2847321705
5842413110
3359812182
5258136204
5701894376
5642236606
1352306417
3797740019
1405430491
3758486547
3536658357
3558494196
5773192362
1836313808
2749187060
3039260117
7843443421
3667066108
6209475288
296954981
7172558365
7606172569
6416998358
7611349289
1928859617
7560261888
1192670683
7083161163
689654440
2434077815
898166026
6781060438
6050904574
3493716498
6336901244
2566725278
5570209210
1541137735
6097469940
1903325652
4302792425
1612129835
5002930608
5343861448
3137435601
6165943457
1607704852
594225533
3599172668
333573615
3489303978
1311868013
6207140068
5389104520
5666370579
2842404968
4992026870
7301656368
2672188047
1767539669
2578725028
7138731186
4100300886
4557052606
2101537314
5732191789
3260189711
3293169430
1783436148
5200615232
6409081876
5042280174
3863759696
1958662129
5515615880
6653214505
4507670690
2416429533
6794671609
373848249
6331226001
5514432775
5031298201
2758000101
859583149
775429828
4305100179
7607660348
6174016155
4440029834
1679442041
5599941700
3821046256
7315755589
7417749100
428689265
7767432142
3122810547
4021066229
7831642502
1222406382
2583189798
5930033286
2019361034
1842841081
1380956031
4239218833
1815309318
4256592784
4414317056
4063910226
2594896586
5592139434
1442287633
7699539504
2364840925
7216289868
2285153891
3574917443
2225749599
6756864735
1679875817
3744253305
4388408869
7154694063
1537953381
1958866166
2743400975
867180479
2816558730
4614900750
4645485328
3957219305
6992501221
1236099836
6628532412
4192974116
1787725892
6431506011
4671817243
2593712241
1096277970
2744610435
7817395272
5206151001
1844024897
2296706745
4510642160
1222168093
6667389469
2412624753
6426178025
6843761578
5630439022
4120784517
2457550108
1518088825
3832009779
5499064411
6438416506
3708046208
4140504221
6978628174
402361855
272345398
5926979939
6906467964
4953778843
4390278905
1636898671
5895323217
2898611883
1043153518
7014023429
6450702452
3227663333
1733252296
4889287799
537472024
3573802670
7825879913
5844779950
3179521304
4892044401
3641475631
768060471
810334917
2926686757
4118919404
6377757270
691483517
322091753
2550096474
691454120
4577795674
4305110043
3990236563
4884845249
6255268131
2176197580
3546302297
7026891928
6985730031
4399711656
4886706954
3152624245
1062245487
7517493869
3881931887
3997996928
4393186658
1911063493
2426737549
1588621424
699745993
4967847160
340117418
3981235705
4794046475
5989077399
3896832493
7640826089
1664495185
6285388505
5887486206
5661883366
7707502413
2629444882
2308117679
441011937
3219315308
24163879
6339783754
2626915820
6612654438
5226967059
3273587791
7254891317
6354271176
3868264998
474536722
7662065676
979345339
3298943724
223146170
6292112690
1454501379
1481818237
480290796
5340806587
2481954060
4481664732
2137333878
188208978
5700564824
1015321955
5246098515
1580498084
7778799398
3113060881
1693985136
2307653328
1266885371
6515770523
4372922313
5496472883
196100481
5350246994
7112679273
1388692116
3593822078
5112086640
5458992594
3280998049
5020410671
713414194
5532333233
1007977192
4860423207
1394927719
7286481310
6998386838
2911898479
3773729829
4091054284
6988602289
1867847979
5480791665
7143634609
2500457276
4405971569
652509292
3825049140
3298038261
1472938256
5543095950
5831615126
2533737934
6533526270
6001243963
210472812
2717782748
3520102629
2585698506
5029743320
7052962037
4395430869
6590113808
5232355841
57389137
7673313414
5342103698
566921244
4332387109
3977721712
5382856956
1995981283
4163344759
6226943482
7539981770
263883291
1963037858
4726596056
2301462256
4272075715
3051507819
6052469455
6099833485
7757814983
198055833
117384401
6389877916
1215547758
7814328243
6757621968
2372460354
2332783759
19770387
3800922929
1746731818
1690358288
1886437664
7284959937
3716469915
4855569049
804998566
770002517
2468247286
2982703700
5540762927
5153698586
1391192198
3660057530
7629696747
3658335110
6012255892
7095787025
550058743
6064172980
5687876662
7509725835
3294385243
6576395898
2590882917
5812217932
5616429826
7235980505
2941335862
3256090144
706212689
2878373983
1754369904
3186102093
1999024393
3854138153
2637804248
1788114327
4299383816
596136745
3710785272
6011363829
3602387562
5077191370
1607767575
808693390
948256774
3755203353
3787239170
6814904103
923160723
7795750974
1136327857
7764254726
2432119583
1731550550
4620462375
4043926695
3972786409
2538324479
5263479906
812247020
484023537
109877381
7426011662
6104805748
1168396676
3845021700
4142492272
4629178801
3393856909
6669511293
5909753717
1469708497
4134583290
6518539844
1048695188
1400887929
3334417408
7788616132
5148740277
2922010707
3964245545
3908535786
2790437933
4730289459
3235344223
7168245618
389489285
1882390555
1285584006
5155818675
1886872182
2979993890
1972421232
3176277150
3203128451
295564481
5566375713
2674905451
1921571062
6717098680
2688957995
6695622656
7735638752
213586158
6193498552
7227857298
5680069706
57486053
6933410111
7189925529
1871376013
740444548
5060239766
5211245841
5551352727
2744554295
7565242388
3901481900
5098760341
5990953430
178949612
100506274
2472465006
3102990926
1046773391
439517306
1652506632
232271665
778372643
6823488393
3624470975
4126045761
6912031730
624676160
3385298755
7188861791
1047252152
6117528007
1526016888
1369919514
2800498016
6782586511
346993490
6586352993
2784748909
4773760615
1064011184
5317262376
1582800611
2496459473
1841927982
2497263926
3277922704
3511110657
2077152818
7149578035
1728532399
4932244837
844038962
6825011386
5102420385
3552508685
5531456484
6654886730
3044368402
5570085341
2876980676
6452899732
1341815046
7485858185
7643876317
6000497603
3470410991
2351269263
770377577
4443136887
1725861755
6011723043
7718205788
5689888750
791554005
2110599136
3429174400
7505595480
3210435641
5953917744
1836060246
1784361604
5553261157
2425628687
1910167212
5395695157
5303901184
1645169719
1506870289
5843642087
4372196231
841890174
5911935293
3618216435
5619116220
120855518
7705339901
7246529803
668473893
3731635305
6388243043
3650254665
872016189
763270725
4949485499
1429892798
7694523733
3402980919
1855484266
4386624119
6161083669
5295800164
958278408
1341385113
5397012855
6967906597
7264759186
3433998392
1864607731
1595483771
6121834380
6677244688
242416438
6378836983
5000394754
4920081827
7575754811
177724017
7823237046
1794397239
997960852
3379600379
1599118794
6616400976
1291389069
7487031480
2117320251
3116911262
2898891252
5873515930
5874287508
5304267747
6522784391
2108938966
1001862975
6496245846
6515194800
4451272142
5292121546
2094334388
1208510332
6924287267
5009980444
2631945927
6563808911
6430092965
2679574946
599535604
7822390294
3988051457
5441010907
892367948
5014506195
1321563098
5275157435
3687074548
4468099499
3648216478
6464819131
1889994651
3264503249
2882397509
4538476627
3817271062
1849020978
1740180304
7805440767
6919956471
3209031184
1566209872
4440663566
6144776014
5399217394
5612583257
5115441092
4379168313
6133066772
3857624612
7538410584
4057371749
539500913
1911861050
4189843079
2830575107
4222297629
3384175623
1499580797
6735598176
1436196243
5551610346
4428390403
6394329151
1906238959
1281706292
2385440841
4954946433
5405772884
7701131290
4115415617
4326544838
5308083418
2181372698
401016553
233011874
4475011429
3767078811
5906743649
2338841954
2994060718
1274168737
7362165144
4071575202
7642398264
6391013573
1323916686
1924140782
1757389184
7086042799
2094745390
5002945921
7779728953
511992429
6205476464
5052943806
6130398895
7432912003
7808084252
5132299208
6056580014
7377665332
4057223905
3033833334
1526214278
6656204169
3084009719
7439704330
2815143035
2452650248
2387370599
4595347789
5371551862
6649207134
2057997824
4835732849
6713464208
6200972404
7514977710
3872384075
1918978531
520472154
1524623374
2657928555
5988692485
6677925164
1132842409
557529492
6979261878
6056132238
5002262472
7180225752
6777014273
2635417397
5424966599
6913924131
7754534669
635950604
754811042
115709777
4714930292
3120863673
6510713166
6165333248
2516381495
3063832617
6027639948
1648526045
3049865578
694836446
3067385816
6635247422
7699112992
2142977357
7727595626
2216222965
4049166386
735708283
2214048926
900272155
1095328261
1436699668
5109171165
7468710870
4790667777
624058930
3539920245
2385048148
7303746239
6126646193
6105137806
1589570736
7213528140
2169954205
5585955835
2776843143
5084281576
6060249155
2834041595
4763319849
5502354852
5044432890
5895410470
2660892600
3114631361
1717545717
1423130795
1236882150
2375422891
3496860947
7472199462
7133711797
6491884425
3925239083
6711749154
6187237102
1400848556
6721017441
5098241939
4513679400
3442695966
3709645889
2909344884
1351188158
4238147783
6351050078
5526173835
5924465377
6640547262
5694465289
347868219
6153798439
3371991380
3718334094
2833966158
6249246875
1574681100
4538340403
1656859358
158914677
6910162182
6550741745
6946971365
2051198455
7014969307
5048091086
5631452326
124164928
6539436301
2629189772
6835753182
1111152092
1027046126
6581219538
7731310825
4080378611
6416686026
6984969553
2461359415
7807384198
2539938858
2444311605
906534740
4074741852
3752256144
3042943789
2852967963
71980693
5992957608
6158977427
3976838411
2230139358
4738273670
811350266
6974345769
3516841320
2915708253
70417682
7170755390
5382974524
882684535
4492432742
1857975669
4305359366
1711896533
1140370243
5453308714
3800004780
3342093522
1831151836
4617650222
481374350
2773087935
1194161003
4504653507
7375829236
6193207965
6179095937
752928069
3888667135
7632994332
6011920624
6248858928
603291315
7377673981
6501944897
1733273675
7836327310
4739327635
7516813091
4377912948
891855684
1787553327
1909753248
5280758325
6339232609
2155594793
2920839822
4513804508
4450650207
4937804230
4983484373
5599091682
5782020867
2393101699
1334756936
387171240
2157401199
342684535
3726023250
5587580559
4851139707
3420517033
2730530415
5553212870
7650286379
4012303236
1057570953
7848876186
5804421766
1752144250
5871544864
4257840200
6342318208
2578381937
963693308
3276309445
3285547939
7523712044
3081605669
4211233129
733206713
2492705534
7682506880
6671970673
556640579
192399415
822226698
3941498800
1112766466
6499474348
2197982088
2630521867
3431073353
1158903067
5107796391
2605961484
3495081054
5665185155
3513097362
3659876719
1188515324
1257222165
608538697
4485281045
873592971
503179002
4937915977
4750440646
726169824
1899583474
3790205570
754868686
4669262996
7458433246
7017210221
1042777626
6860261993
3627792742
2263676457
4896506169
7800496846
1398005682
983861384
5401191536
6063515833
3040920276
5686067950
1509049344
7194139723
2495915289
4881126737
2281464948
3798259425
1539438823
1686052420
5744060871
7138134007
5727354505
962924261
1113691933
7190577697
2778218866
1569575282
6170025870
4400822564
6956166398
5215230034
6701209099
3470728997
528392271
3976863307
4336264419
312408130
3250916055
1996182681
5911202381
2438763829
6265100963
1004913484
6693014476
1782985849
7150218015
4623170147
7437065558
711818007
6983613163
7591176837
3946272115
7430678231
1204428361
4977812766
1894485586
4157430630
569277331
467285708
1647873164
1541841356
6863892983
2808377400
1057959654
7051408580
5465344930
1551718038
1792159388
3177541732
5046788831
6376657042
5680919626
6681651226
6877318354
1274386032
1541918292
306098186
5083563805
7119691334
4320360288
6483510750
5726311986
4687267925
2571287109
2261762967
5216339878
4613811194
4917633642
1965994816
6657036158
2573441212
6014391332
5830632752
1445924559
2852049978
5145075430
6486670545
3246570999
4524148894
6369952207
2035403189
2850573027
7149055529
359956818
3476490180
1777477575
5518386591
3269662519
4383337395
3403515541
5424325141
6662870311
7421422848
438146696
4385684318
2125651226
7463998138
1756485693
1148250526
2609417639
2856168283
6593097728
6776075319
3906573074
2588337083
7600718129
5003698853
1863039620
574164332
943392167
489588641
5440430461
7520905617
5301418602
1245057119
7331477052
3505605909
712913538
7103190772
751403204
6979479725
6028335332
6018299429
6250184559
4965590357
5975448973
7079034134
6257596957
1299630806
3117175595
2602976651
6924088226
5087406948
1458433809
6969518537
1260249444
7568207490
414231090
6557008332
1100567122
3860044532
552387246
205640885
356597183
7491191185
7620987155
7365211770
3901697489
6937212634
1440407688
5518902142
5168200026
4185013501
7175320590
6601815214
5285633974
7186911228
5236069733
7019975563
1010085199
2935726449
1260535949
651084806
7297125791
6341097267
5250396665
2267798537
1547864094
5452635017
6032316506
6504718143
6304340581
4522847953
5001463874
414519508
5444283991
1712284735
4293063007
1184874030
4069163913
6273041699
4143026095
1804645589
6918468449
6389518706
3859226374
4871048835
534739653
5556277362
4044826807
6710597915
2455467974
6085861641
1133265924
2027802530
3176930101
6510182168
1330500493
6240408304
3453644732
6879236449
6224503608
4614278777
3872478962
2751660519
5674324960
1374907616
1200802016
6035333661
4698383654
3550774887
5807561275
5842561116
7235146713
7312179084
2275624233
4263128593
4746247962
1214455234
5078531249
7159768517
4998505411
2460573203
7425676115
3772265128
2223459641
3033889574
707604455
3461600650
6233193620
551196566
7782609750
4255722334
4965103773
197425881
7195672778
5919139063
2527390972
475215836
6294710247
6321472256
320816293
6352691084
2160494316
1335491241
4712262965
4520180457
2275560317
2142875445
1465515137
6455661904
3005603228
4116973602
7335143548
1701784653
5195524598
3425857083
4080101526
4195900628
3775817827
5318564067
5890141824
6240306947
6972645086
3159608015
345695487
2657216870
6199523782
4812832206
4379451608
4298505528
7283304657
6683909001
4867077447
5488814430
5150196476
3209248317
5068626110
4606267140
3187779640
338320151
640598502
3500307800
5875644592
3567926879
7060535493
3982076267
2207663795
1664296502
1900237324
5792859692
1807078091
120744618
2550295674
6526811247
5231652091
7662871492
4617921122
263228668
1940993245
2793608377
3579914255
3019983403
2523534791
5535290939
2210292995
1720697793
2509539720
4447362499
2913933120
7567117571
1296686107
498327667
6163189422
3444154878
2696648975
2336314223
2751069154
7214325244
1052091641
752807867
241647906
7835721222
4501747828
5810559194
6159190137
1694400025
5052530588
4964836802
4965253912
3506072223
7569523373
1054855586
7834086780
3689174715
812893161
1045079613
6830759745
3692491904
7647180151
512905379
1899018605
807417953
6477397466
3872918315
4217743825
5510526022
6798479757
2904143468
3942778323
5563714006
5472883675
2793339681
5160193128
7122867625
5323741327
1972453381
7432520274
3344564092
3251345998
4527543103
5842383913
3543362500
4134614256
3482500312
3489576727
7420126735
4924246807
1720109953
3734602242
3461917637
1250879159
5563584856
3860417301
421833326
3811808957
836052695
4776832115
2025123444
3350567953
290262317
5681066183
1088301850
2120020566
1232660201
7773008732
1363426872
7304668471
3980856664
7360877259
6002720778
1798853009
1176401511
4153035180
7466344355
5958638941
181431186
7105616670
7100057163
4007466465
6430652801
2472697814
7560631354
3694127813
3929120121
3102478545
6490395014
6792803802
5256315407
592397494
4597316123
3898158012
2981467859
1564382478
7728294963
166478411
3792404597
4711976308
4277665858
7207657276
877504972
1075750892
5054081369
2270589801
6929591553
3796760627
4444036763
1675631838
6214366873
688623413
6444480817
2295745124
6567656338
7634796206
788776752
2426122863
1813482631
260908311
3209211632
3332807779
6191932445
6346926638
3887529493
6172715448
6320806827
4103537419
3168297711
2747409378
2854108754
1828123216
6808819177
4566533803
5397787710
4773043593
6231571212
1615385303
5852569627
6212769621
3820134041
5021807613
6201954156
7796144961
5024945265
5536840310
3230121715
5392740508
3546095398
5534862047
1324581480
1905769444
3733032243
127195067
7217542437
2814140056
6460387583
7336340088
5534910394
7846870842
4326934054
5074730083
4247607177
4517042872
5709565296
836426114
6001267013
1982135735
7566744164
3019443860
477843544
1619272570
3613413968
5829805305
1102767843
4742114634
5999928418
5371903143
2761934081
7013018124
4905861603
2262388974
6079639573
6603002653
509082360
7728510475
2507386003
5593987114
530037215
1452292105
4148262028
73200307
2907691295
5986979955
6397186283
1579478135
2407756995
5651460703
4811347787
5037495585
3762737897
5295897337
4924932865
2415871521
5155278768
7392305871
1939104167
3892988148
2084957821
234092746
2869715529
1435469249
4320496979
7786318054
4728517448
4772636129
1334355210
1685439435
2900360509
7125995403
7209660603
6755354423
6020774325
2233079624
6934046889
4567917506
2274269501
1447775147
2780579075
6543878491
632806312
7608462268
7559488936
6684998828
7494778129
2782893400
3922488664
5965024936
5033032154
3501230133
3184699811
6250037793
6075707300
7449439081
1505130430
4685945412
5358643990
4215216494
5787062293
6595082820
2506825662
4525607138
7654616579
7027181287
3456621289
5604136076
1349376335
5924793188
2476307447
7517813459
3672557343
4371297437
3571791746
2216737423
7280123288
2170561371
4376119394
6449969599
2642654013
5851330580
1256278936
2430908632
3426924445
352076831
5220885528
3808572725
6668786105
7661614690
7546064938
2192891655
3084100333
4261432225
4486866013
6426244726
4215443089
6067436286
3842473866
6163092513
71413126
1072868971
2699351461
7168238034
4950221478
536862298
3318720872
4877611576
3581670226
774982107
1561197241
3649049353
4083692758
138763432
7731514259
1618388293
4461361666
1713310864
4858170524
6600492566
6446733157
3692094882
3150968717
7026285999
2649262599
7851801377
2544313756
1839891203
1505762619
3220868278
1724748495
1602133451
6403874588
7058547009
6315979854
253028668
4579834297
2016113634
5244143897
6428372106
4002546402
5285153847
3407072127
357469800
3013634972
5695833569
6122729592
6541923995
5850371968
7668411834
4730132603
6735302985
2331774349
5303340415
524677926
179260533
6106422176
3795433232
1079736862
4533533125
825557193
6634120035
4352588799
891780564
2975911369
4321722943
4915749706
1449091575
7123446149
2237627620
5845139260
5513838010
213982513
6970935495
4250269347
1355744221
2903566663
1548896065
5192659638
2615895271
1473392616
240240141
3137982663
1759419830
3266395411
4780459247
3869670837
4582588679
4619977149
6633556984
1973858077
5111840524
4601083214
6157193443
471215053
4355845639
1973192134
7501807342
5915736315
110980655
4814275018
4620062002
2158054793
1089023582
5266613616
4844292865
7670930265
5606320905
6412404663
5148006450
118534489
667753727
2711535159
2652957190
6404552359
5005788582
4471382996
3809426402
3635964519
5161360690
2708214518
2662545865
3420229919
5054169659
6048276582
3818722945
1766402020
1004934671
6596305718
4545437416
6225805684
2694360408
6392392710
1999293660
3569768768
4208629852
5722745582
3037352588
7064065365
3100646737
5342433692
934315622
6420252632
4215076705
648888457
3211678912
7011965379
2226567953
6859063354
2128922629
6486847753
5086075417
151520670
6026136746
3388720188
2720279160
2976173695
631766955
4719070377
5394964637
5963919917
941756917
6876285808
3928053382
2494606691
5012410375
7370819503
7594911694
1804506684
7385672953
2621293026
3806472286
1173131538
1466189363
5630730686
774185900
2871982921
7705666200
918692653
172870175
5170125064
5777551426
3650603539
1162485197
5894642211
7159729284
1746313172
6153679557
7003772852
2487510256
4435249581
6881949556
341537064
4804386082
3956984723
2094647807
4144504986
2086222336
4360030030
1734196205
6106836523
6795375980
7478757536
103052403
7748044269
6449021728
5822420720
4665953066
6239163834
3449451105
7203312641
4358544630
4410712655
657607755
4857411900
5417962502
5405032083
4148057100
2722126968
5708632029
3951947029
6776706171
1551870518
426721561
6241527177
1394613351
6639719819
2088580687
6624259845
3283483531
4637094263
5135362602
6777661040
650207296
1926724313
1202251305
806487587
329895424
1818480277
1416881489
3973756449
4025569785
992257352
7011886378
1337944819
6984710647
4642396048
6761173836
2199572517
6530933242
7088811890
6387632668
2705675778
1593859545
3850573167
6428381837
924429597
5458371557
4565476208
3804489190
5645509388
4026049988
7335937299
6371795456
7382987414
6414913020
3685380063
6527664626
7701420573
771280076
379877006
1842125708
1448914386
2209723927
7456169986
3130037414
4628290643
1432351416
3347929409
164673598
7435595153
3232307974
4569676199
2158839175
4368584622
4010652155
3453980339
5167379258
5547031513
7693293528
7708069860
6049855955
5152449643
1947499656
2544597028
2959436382
79417547
1618026631
1142872200
4991310335
1100474431
6168468545
1968184741
172526318
5696936784
3820986003
3254127356
7208810913
4098361622
2489106520
5341492489
7643019438
3976298144
4810006392
2512292068
6673888889
905315845
6435053331
4749240042
5831731760
3400028658
7105641370
5643422428
849781412
582211462
6031211228
4058679926
975634885
3299348580
7692241611
1944345835
2857682685
6755343918
1831787302
1991873522
6251682354
931257176
4420988873
6906004816
6501773719
6458775062
1932781239
1179624365
1511007325
5946763880
3436740341
4297605975
1134045875
1707265865
601179256
1282563407
2641063243
2438801093
3623948727
3962037527
7584121798
4164306477
764659891
1731989829
206155843
6237215418
6814491262
2631532476
4023548660
3535733387
623387969
913457394
1575330099
6532629853
3816112814
3935148884
488962958
4967042264
737568740
5103953312
2949318013
4646006614
5406811822
5844514947
3568513713
3751951530
949858780
740134917
7842249360
1874894672
5784562062
1753204999
801878461
7303255212
3940221550
6151529011
5366473774
4384827724
3273576053
1695052804
2566808938
4470808647
6166735230
5931633930
1591865280
4631344473
3265995650
7351356
4981827767
6039588079
4576323501
4972471253
6413516843
808105095
3860992973
6099730436
1513593158
3746487248
7726787019
6327167479
1760061781
2684566975
5521297079
3405866231
5602194402
6974703518
5340674525
4554825332
5507394718
6225619425
7761829253
4739169960
2696961199
5483266381
6200357671
3619813063
2893919976
2159949615
4796684171
2525814777
1812472997
283507381
5461799877
2870667464
6134658944
934795718
1177700005
4800441316
4803229572
3564970288
1170060885
700280345
4465373659
851519560
4608516618
5353138522
5438050066
2052618187
2663361363
2239127134
2658233978
7066808713
1589634135
5526124961
2869657016
7546880433
6219565315
6197570778
280908603
2599428134
1571193905
4065214423
5437934208
6380361492
2505238901
7800998964
7469276271
3697429886
7787906026
5644853217
5222800078
7182818353
5103478099
5201697
3420367313
769612589
1722053766
4242246200
4180409940
6494687254
984280073
5939052911
6194707155
1814480985
2393395492
16133297
6689388904
29939720
4262296927
5677529984
1827001799
2708732802
3802801255
451817592
6436395607
654910307
6626841254
7342868375
5910171372
1709966201
2017063840
7638634965
5211226581
2103971132
6607034814
5806592333
5614688867
6819239848
4612418597
5693529891
85006564
1691641065
6963741848
6023258821
7350255242
6856098393
4491570012
1730967741
2001878105
4446187341
2652092469
6781098838
2269483810
6704843269
6837665690
5921616931
5569741950
6182982041
4477940517
7660079193
7069613213
2360957117
3537432675
649809380
4760429728
2699908817
1063211772
919222533
5461806358
5114221861
5086206097
7506815337
3404495979
1901901608
5239999912
6583603934
4960516507
7421823887
5750606574
2278964652
3957508667
5217689764
7517233953
2055840407
3063935935
1951268968
4631379426
2813758148
5453335896
3006806016
2912217789
5006047871
4090692749
631280969
4463487826
1684951265
1214355347
78220640
4284424999
1154283277
2648774634
4605744762
6363287411
4796261700
6541677426
7270942969
6111819653
2862348751
5211771862
7514626222
5406750349
6520322056
5442917172
2416860222
6706100801
5493523934
3668455107
5060003887
6520092778
4275024200
212840457
1614087992
7042609842
7584658851
6198450769
5752569820
2708979317
418907088
5113475650
6732801442
301841966
7819873632
6445269452
5320973009
6387237227
1223632806
4903178678
2799089609
1015403349
6947324076
4466357343
5333739626
620388234
2501014228
4191368846
6654585504
2759639115
6015795342
7669031414
6784313348
5440505043
6716297658
1537771434
3250850652
922206608
361258453
907696703
6043446701
6642563931
4386937092
5201159535
6603147214
3309380170
7609500576
7852880725
4189392329
237036680
5005177895
1208734873
579538570
3704144984
6514596041
7054231753
6505974019
6020800764
2920952383
5468756968
5750177003
229106361
1686304617
3316585096
2671111924
4421223734
2566711586
1418518677
3037701200
2540330000
2695947178
3717913840
3305233216
7441847572
6414431732
1457263703
2138939611
276453098
6518618294
5750692989
5643128914
4902670505
4043108599
4038078852
1352827251
4235087762
4593518175
3873787275
2653075607
7550290847
6333901881
5194662653
3229183502
1206088054
5278002253
1665243901
4745180923
4597295951
1985818247
237621983
5854137849
4362265507
2846615343
5471586659
6560305427
5195351862
4766305334
5545036988
5967387628
1704616645
3338246635
5437557506
6394219846
400955548
4998188126
3812773174
5564800367
2585205322
5861093366
2183832216
3466692926
3701827929
6989379607
7196683076
6887981932
6568164639
6961544141
4514989982
6714768395
5066058134
5406493617
5583796773
5894759648
3170590343
7779142993
2762045672
4029448555
3457609845
6038620567
3975526553
5852348629
6205358929
2194101568
1178838069
4653817375
4295868476
1475079794
3454827077
3894971189
5697264271
3222186375
6338450841
1111905807
2566676536
735773645
2958783579
4744738919
6039022440
862692826
6728078509
203491526
456616742
3510015409
7283914586
5486965219
2637770948
2235985397
4931317659
6965637121
6627339545
1804968158
3382792230
1798664814
3867782898
3326164057
633281285
102871419
3229207147
1595843465
6979655368
698214653
5776661855
4778154346
4977280923
7585114018
4485158317
2896548637
6614476214
1427499325
4837997420
352791401
157127288
757152162
98535541
5422011651
3781399057
3261549837
6936757000
6112354244
842542136
6607981176
6613529622
4895147950
2197745437
4473723202
7180927753
7723351002
1360388874
5405897039
2221336058
5141117619
1087996358
5492554783
2154528199
2092767239
4515827834
5759324443
1442104957
7196318842
7714674024
582599921
5883130769
4454650084
3378331482
5174423345
2286500949
6872155357
5889753546
7537644464
2430470410
229076765
6441524146
3803012638
101316566
6422616168
2054261133
5671063630
3691630892
1416668863
1626206336
4563356679
4039821048
2778808135
7529602736
2136914954
2670873761
7478875374
2452681655
6729013501
2487641892
71982426
1858890719
4208120439
6328850559
5072438797
7018358906
286339050
5078374487
2095161232
1806036135
6391931017
2661958225
799679698
7330869372
985968765
756608772
7816097699
6141914514
1390714114
7828309903
1620462052
5474328851
6878309831
801805531
2536333912
7270689483
4094402913
3378877164
7230142927
5897917919
6160610014
787879048
399036099
6610632915
2335698747
1076314525
7015857281
163367866
1347675320
5502698827
2509230578
935516235
5205601880
181439959
2161471257
5608619408
5791723486
4519367748
1640521562
6666339409
5880556708
2939107831
2726520274
6394791231
5298336789
883950619
2096031589
4176042491
3619010153
3011503461
7826419543
3671465414
1126747088
3625620404
6643126141
76344110
3574672936
2541807817
2659233967
5905618866
7712959146
5409341317
5262729023
5040358940
201887722
6950367604
1478577832
7290970728
4168501318
2197059950
4702805023
5162701778
5635196801
5917346894
4174721271
6583927287
748643992
5711507257
1533186776
3987568753
549243876
4530548209
3202956175
2229603059
5173219439
6629515653
6898607430
6469191168
7815011586
2294967760
728169786
4439610817
3568948452
186157700
425247414
1332022840
3500218861
1914248985
4253030403
500293405
4429306016
4785680718
1656059006
7082037405
4025987724
6538641490
3297857269
6441405064
1699768828
747725068
786508760
6686652982
6022845949
1654145949
847706302
7459769328
6096220918
5468499072
7049634956
2564291160
7802525434
520213307
2117640967
3195196835
2987432974
57612744
6461029140
2778747719
7117473282
3501974711
1536832861
1374611521
5138054928
6599191251
6855670549
5528849009
2590041514
1261700068
390190990
1917755222
6134707557
3108480292
4655908294
4548908830
1324722873
5287611238
2799487106
1506859758
1974254451
4002143160
4502370873
6179793875
7832467355
3552215094
584038436
2958263113
3210864027
761868848
784263597
377863354
5009378164
6655895188
191528652
1539605580
797967142
5937022441
4144607681
7209843660
3210693409
5555979470
4895212417
1425334258
2786667875
297613411
4520238782
4673307128
633408837
3283143752
7165617964
6510346549
7686448678
1028677162
6266989162
7492038203
2232011968
3802854484
6365422662
4754213595
187815817
6890982450
2081628109
6627209996
6285936542
1115888106
3033822952
3650044555
5932832852
5003839411
3433173994
1247275119
3605390214
4465079913
6892322235
4523048802
1299437403
5430274156
6700089122
1545958497
6804970694
6605963385
2967851977
1341356862
2094749826
263240888
2582533148
4654542245
1877128840
4530867089
72701984
296781381
2330383221
2683547077
7327351763
4924377154
3640405654
6630819215
6192875044
3203427698
6650444459
304728489
6413192844
7516643754
5604095569
7063682768
4390516959
1197914961
5813182525
3750293795
6892357055
262887540
3099321751
233987897
3275990881
6245921742
2163642057
1254441765
1575790023
3206944514
7536984416
389666020
2151058119
2322312070
4993065823
4992788380
1793952532
4356224826
1017371314
5108700301
7576576336
4121798147
6718045980
4357236813
4674355534
7039336300
392091115
634713927
941380970
316217386
1436102940
1764498647
1464451022
3380128381
6706104783
2799489971
2569545845
5231324939
5432590636
2784671735
4044299060
794887185
1706073136
4962686660
3287583679
1453324383
5512389701
3975116060
1303960383
6508749152
538128782
4555971840
6769718024
1184979693
7552455531
1833150043
3525873444
6879740991
4839137620
2523940473
379153928
7680449246
4973587882
5695864809
2924936373
5904997054
151641738
6319003134
5094092693
7523201392
4598203130
5882690753
762113141
7229029780
5287734888
6118183426
5859732957
6641467075
1521066427
521254056
3247051371
5827536976
3513514917
6703614910
2855575013
7241812964
4565150367
4396442519
5679051261
6021801099
4942841947
204959121
2864113386
1002694197
5078941445
3683826572
2916315012
6260904339
2127995975
4253915267
434017383
4466507828
2216358154
664300750
4484467818
3420893156
7406365417
4847315243
6809754444
4690830735
5128540136
79876621
6589792886
4298749860
1991299263
1078164482
4376830358
6844622872
7783206893
3187975750
72905787
151358338
2768948341
6642093405
6708752487
6839726771
739910865
5035365872
6612983732
7750354803
2260525217
2636905818
7574259612
279447720
4841300067
4571178981
3498372186
3138796381
5970521574
2237846882
5859883031
1780350470
2219034855
3218366189
7822894281
152500034
2589483349
4882837222
1903114496
5448072296
4367036972
3198245554
4364440387
3360374950
2804951978
7516320582
36702115
5959320223
668105107
6242743630
2036860849
2825355370
6323042103
4262678561
7804249857
7099857733
7247434185
7393412145
1842035546
4151136547
2226644199
1953980528
3569420527
48044088
5821011635
1244520226
6480359561
5256010252
1516168472
4260260856
2158512009
344140222
2998159868
5554447503
6057102167
7340826866
2665935497
6024106809
7581376272
159937978
7294381100
5536135453
6529042318
1581316670
5816872335
5091892522
1758075865
989183135
3231224509
107335142
4888400607
3925835768
3103982747
3529482571
5416299128
1839075237
6109213174
187324816
596576264
4892283331
2911154177
1584811826
5375746321
4717634168
3824447540
2011686834
5899744823
4418070354
4437988606
6885703062
178564787
6829366708
5520646008
6060835713
4288343636
1045410356
6259591612
5503222873
3990761918
6143315534
2851380669
3681315939
3342922769
5682520071
6129906786
846258232
2896116924
6763774448
1864976360
2501453294
4322606042
3329686080
2339837639
2312729496
3337757222
2552742427
5853727930
1854182647
2235771164
2390010033
2805660708
2499460588
1043992392
4864158745
3936163242
3801769550
7680829446
3988250940
7180681390
2103175873
6506620193
6950847083
1964359941
5685605881
6358311268
6557973082
4421030120
3287770700
1916563204
4575731683
265616391
231986123
4598465988
6507937103
624287488
16998347
1432265386
6455208147
1393243455
1468080132
540186489
2651985662
3142918196
5182237419
1366572879
7178362619
4128671794
1310789395
1048380534
2492886145
7047698767
1118459103
3403196257
4377402002
7728713459
5411157068
5932459988
447366679
6977363285
5876109268
479960956
1842440895
2882765986
7524931815
5750121964
6161954512
7694399443
5748824308
7771785593
5542119736
6788893776
5715911804
4252688441
4905006099
4928897779
1776637325
1462520196
4738694245
6167685641
1124976984
2108981821
2962022413
1416322179
5801615384
3459635407
3228073458
6042035145
2975301636
142467787
4162349911
5293889388
2888534722
6936108200
155699405
2194215520
5668873898
7498654637
5167169846
4132051124
2007028754
2260659439
1788499697
5045271564
3819083448
4988180848
3219023987
5142504549
5447076402
90195980
3882684820
3045044201
7679461458
1943947382
1205441027
3396858400
4113316682
4140092148
4745514379
844563625
5477877950
5621081190
3413175942
143710331
6223602682
2726689223
2735235292
3561092864
1191603538
144620387
5941695567
470044464
5571228458
2153295270
986980473
3789493005
2001731588
4524311113
2831922394
4183121416
98005403
745795740
7504608023
900890899
2248060917
4354138276
6922899317
910112522
3564789656
462275757
4490293817
475070539
983837730
4745291556
2233646125
5830680414
4239456508
6250509012
6580375403
5584494910
1772546868
5367475640
1608636209
3214704477
3629162362
2170400241
16424452
3640421608
1851925384
6462555532
5763839793
2200501325
7079118944
1875171478
4433888665
7349545294
5665321020
3848923394
2334267001
2208114541
5626028454
2125454043
5240071936
6838985306
4466380816
5035120583
4448562929
4004795383
6386039306
5906087233
1220297381
4602507847
5714317204
2443012495
3545161560
6937840116
5493806806
6004663164
810459761
1979748473
7546154310
7821958756
1033241082
7174809757
2328665750
3622263290
3294151246
1142121711
6141699946
481449190
6376884068
1711374661
5404008523
5315256256
7669108364
133164066
2637853058
1486656315
1479886076
2783829691
276787039
4623097888
1596978477
4150202519
1964088309
4691330635
215764581
5976725685
4628254818
2135305145
522728921
1618031274
3895271840
1998251728
6075205212
175949301
6353761562
475060307
2129014217
7173638885
4146673144
1585931332
6357569546
5479458366
819247074
1045553013
3007157967
849041766
4419650205
5301826646
1609915082
5872313980
6976073294
3614507451
6640111548
1059428398
5712033151
5835480388
2547307792
5057359827
2794543569
5449285131
3453737150
569951348
2666607
3796030678
2415740578
111899333
6633678264
7251189322
5149281257
6372410624
5999794744
61886494
1299708833
688589862
778872172
5956722804
6467641413
6291554125
385621302
6925841065
7812395673
2835713457
4500679885
2120463428
7232102642
5683692984
4060293469
7457278038
412382254
473690478
343757432
6569883405
5342043464
4663504293
3753477521
4996718415
4899268431
807590952
7407209800
4762304548
7162228682
4518640895
2778821205
3644028954
3098380582
912473644
4711260402
2363789192
6461780559
2159450799
6466472721
5239243114
2937126790
7105256881
2859434583
1866367552
1073216802
6796113088
5475214630
6701344928
704643213
498182042
924172831
2346255950
2642149314
3804928279
7034273998
6084267571
577011024
7319423883
1021000038
751822443
5943571696
464986434
5670695756
1639040424
5110408769
3778451631
4230847779
2335747076
5822299389
13283815
880375706
4648369632
6238805512
2536387129
263116474
502780976
7440975337
6003283891
6395725802
569004832
2394331338
1684927138
5865785313
5687130077
6353137589
7010337072
6924649298
5106843179
6783755029
6531456260
2480009008
5207060882
7679171521
4167618593
534654518
6330114340
7700044185
7017879379
2167237098
2993919004
1595216092
3957633513
7578420352
5399578047
4546889632
3702249258
6979777954
115060041
7359210153
4639164296
3283491972
4058271605
6226755921
599172627
4155916326
785230064
4875963713
4351920114
6722657298
5266900701
3989634953
6678105284
1425419508
7098887697
1178279831
2224628749
5374055808
473351099
5672638666
1828257121
2228892320
655887610
3072545025
7717140774
1485431826
4823455979
4653482464
917189359
2341294519
256562095
556331551
7147471064
4411660827
3144983554
7025732337
7015677658
3600996393
1263365052
565062663
224705229
2917347950
6433500450
6510694420
1888356181
3735528818
3183050388
1628478509
3075655526
2663285830
2567349776
318029645
6331790415
6590300216
1953017266
859662411
3671939464
6789663080
7601578609
2334428065
7145711676
2053389790
386434791
3798795827
3541416249
2453742976
3953616113
5225390818
2969461742
3623685925
2690759508
4728690126
1844383810
6085231941
5765946174
6819234439
840130867
2763076395
5693836713
3134233178
2199565313
5605648852
3091107393
3330274372
3878802568
6972325309
2460476592
4384076889
6635815188
1969984787
6493885961
7112655727
1444473928
3614381325
7702330381
3461066416
7816329290
3907459251
1116910269
6893994172
1115827589
947334908
1666026127
3246142169
2557999294
5474863965
4797482035
1184954671
5207966039
2886599090
1814388324
6767590931
4872807899
1463116998
7661314658
143971301
65917171
1272975542
5871448914
2231477809
4884269096
3943186206
7582032564
90880968
3927481203
1076157086
1161869106
6870337203
6120074238
7765158807
2038656377
7734238714
2038153337
3407586572
80454442
4147327646
7774035087
6453274290
7389667082
2445477437
5270000420
4989855443
4641888857
2646372602
4446091231
6460789368
2324784859
7742686378
1231139931
90547925
7222108368
3503556675
3263224072
4132708246
4336616843
874883300
666494710
436638977
2691449895
365330629
2543085150
1293557481
2049111913
740693542
5828478729
6625224033
5777868222
6624500591
7826163866
7392111092
5247169320
2383097342
3372876740
5577248965
5530937687
4894423050
363282999
7284437066
6345858347
6168115052
1722888253
3128870755
3368698394
7683107509
630276875
7723880239
4764412084
2979851281
4785488522
6679044550
2206918669
1577554838
7090822872
4597376724
5011136078
5226318867
459059529
4258504202
375488347
3238163937
3633883005
3235247796
2619950590
4436842692
7546486627
4149838926
5033596404
4124724693
3120751586
3006232922
5462183490
2193153778
248041856
6981189090
5159888462
931065535
6875518716
4016848541
1650057065
4058073432
6112497917
2154592903
4586312504
1806188984
678481038
6535787232
1857428446
1308724139
7613523803
4973472201
6731333601
7005569118
370657223
4554129631
609210563
6161154892
5140713468
5227126672
3386530278
4906894567
119211295
5439193537
2140956533
1951382008
7217930874
83222481
84868004
252968953
3760328187
7848695261
600425402
7116533123
1548071554
901339626
432474473
1248596581
6641845425
4647088512
902964519
4322256055
1258392498
6694690017
6733492240
2418526523
4362687350
3750134807
5324461498
187271330
2572209446
4541480495
3081421981
5200710676
2107406214
3830342431
2301412642
171775717
3622315616
1300109497
2097285449
2144699449
7545463220
3670236468
1180439335
1390945107
3638056023
3715290469
1955648304
2114175538
3549444104
4062464826
4000532799
420042626
2393554223
2372385385
4006214456
7137019266
6017568618
5949745587
4480037602
4688532337
4106341710
7298963693
1613256234
5226421514
5414183332
2530193131
7749936897
3456583309
3067269797
7797057704
4895923982
5298076024
6343010980
4934320949
369532336
1877133308
1668463865
6133524592
5582501431
7544648705
3104615496
424768813
2616324928
2240345994
2146950634
2037848571
3522045886
4924741587
3450795305
6021383475
2438477827
7073494837
5333751578
6195732277
3278415892
3936414783
1035039568
6039919756
2554294750
758340102
1021593428
2712753713
5324503755
904475735
848454129
5744845211
5639079141
3198459695
6492154412
4531127479
320494018
1260143059
1868594532
3977857256
6246380770
4671445176
5750555172
2009928799
5370170835
2980912530
2705750282
2258236073
6592571599
1338516036
3915363317
1446718477
4010356001
1053504424
2748753970
1437178961
5777120029
1221230200
3457782665
4384055516
809220293
2723807474
601863783
5943742769
2937896748
6992896127
5838284064
7352515
7469182383
6053783958
2242819963
4170298740
2240108539
2553902246
1803128014
3613521626
515757013
7554796675
1109433503
574759480
3967138035
1603433993
7817707154
2925703396
5288818220
1809422972
3794831239
87054071
1002386660
6837085277
7178895912
4700121120
1884142928
7070960919
2304095867
5242355719
927216457
6742995688
6001678548
6573945991
3026566080
3922697574
7185735179
6482091952
1191972958
1722898079
4582308449
610962249
6482644168
7841389271
6669811870
6621100892
2324255487
4217622560
7353333097
3080334661
5475458259
2052527344
7471389369
5556327056
826541411
1450835525
2996966109
833831907
3128408178
2488369579
3878725672
5292086226
1762856769
2897730580
4654736685
48285884
4269792318
1797751911
1693667054
827016504
561020843
6869827606
92254648
8095587
3758383421
633136313
5651412245
3373480688
4088836428
5051772255
6031081938
5057312588
3869010465
2871645108
2556085868
3165593674
872896603
3918697714
1931441343
1623030439
3758128329
7050510545
1333537556
3212716337
4649693195
5070164658
2690122348
2500967884
5999773635
4018467553
5404640808
6003934622
5991049856
5130343882
4210387624
5689927359
6557067435
4928274045
1641858686
3984778776
7420711441
3282778773
4004501918
4840088560
1981230004
7549828224
1886361000
4811687252
1834410065
700446532
6220903616
7628831673
4426864167
2184619276
7382695851
7830234759
5377446664
547182373
7532697097
4159080140
6947767174
7668640
7755872900
6247103175
4397576264
7460241400
1347165516
7192157730
5999216084
1093721772
7155136439
4899695221
4810225602
1324472565
3637720559
6730884944
7564909625
4318337048
3966451990
6834565049
3414138774
4677839945
510469418
4502873103
1151137546
1897354816
6952661083
5136694116
2717128213
5162364977
4282041587
5886903886
3977940202
6409252350
2851895602
2049324361
2098352972
5122208025
3024533319
2742371094
3215087121
977888828
5920094437
2294151477
5176358687
1790194637
6245648721
3196930658
6757089400
1301678836
2444832939
7046336194
3951686151
1884590838
3888288650
4466031041
2944895923
1239444737
6221609859
5794508568
4234431376
2770679001
1872395060
4742529216
6356593325
7495153514
3010250881
498873494
6813178779
3346875361
549474553
2466555281
4054352308
2674869315
6004770822
7728500629
3675240899
3632056584
4215197511
2129396995
7101828793
4530926848
2726511666
699349664
5567525011
5575721244
7306818258
2482615818
4945424882
4264130666
5346354357
4630138603
5226211325
2064507213
3570637274
5358514092
1108214615
1717143031
924506305
3145466112
1681340384
7347923947
1771185613
6902982159
5209917671
2616437952
247942817
152045457
1623586955
1013975428
5904694233
4951065158
1976549014
693352560
554487149
1154918449
566219002
1900524939
7568832431
2840496237
4811732534
7632671651
281926682
716715847
6901956691
5780538944
7074762584
6474051148
6614023384
7450621430
6276557565
5915829283
2972382825
2900562055
2546416356
7759142074
6092725500
7435547074
3475162509
2868574477
6869283318
2826072440
4854766444
3697941935
3646850566
4569666341
6022416645
5571251711
6392826261
3649277273
5355672571
7280074314
3296136981
3152842517
4911576846
983849222
4898274245
1999667544
3575108170
4215408581
3878943492
2761137601
2240467109
3383309065
6073359598
7009907659
2143401003
349724154
7401466115
5606207351
1672064836
5986810927
2846468735
4779735258
2805419973
3531645695
7846729407
1711576684
2630440377
4937763966
514143580
3400622448
2767857420
2273021389
2926033750
5439759082
2520800228
621763840
3649746280
1045595573
2082764552
869061769
7077792557
1057314404
4013896887
1568916121
522780825
1475532677
3804871838
659982772
2257883533
1878882862
1590657628
763254413
7314150980
713464196
5624726856
2509180228
1275296768
341175289
5155435704
786540721
5449253775
460208332
792174856
3566758602
5664971089
1467065638
3182193742
71988728
2753597571
275284561
5379295407
5717413446
2092624327
1680015776
2219923852
7138431998
5862037179
7147577976
2094989617
4256649295
7295122634
6207495483
4572033081
7471574611
73343013
4230947563
614375247
3624270937
3318484040
2072996939
255949066
6457134460
3798488483
7586602812
5944638120
6197959645
7433474502
6165295662
5332464330
499506033
6997826783
7841609808
5926725181
4111072219
1011602049
3544618608
4023767524
3770011124
5099237582
4107103909
7389127981
4403314365
5331519643
7541130514
6443704159
653263710
183998323
5279646797
6022179490
6158984466
5000267685
7830339505
3895222994
6666922483
6173578935
4580612127
1415849817
6537332306
3452542637
243384986
3355332076
1820223880
4305791034
6105210626
7279561747
532449202
1801246738
5103351809
6974857484
205473624
896161684
7153062110
5606053989
7121907330
5852617482
4247726170
2321087763
3730755607
660924667
1240836273
6240425249
4134979749
2581184533
5208990963
6333015972
4391136904
7659882655
6165644311
6012722177
4676000846
1076397767
6667386104
1332554265
836572888
3454064778
3118772668
1666554098
4491224938
2306744417
5939334808
434678949
4380886235
7072313803
4379208462
6536612879
93523808
4689155150
3490354886
365573032
116587237
1796482245
3312573618
3191541376
6300128220
4538058801
853308992
7582043337
747162965
1903268605
6747428781
5241553296
4646304611
5697347967
2883127629
3082114287
3666507099
2917277477
3847691392
6093132553
6242333132
732228009
526868785
5018298616
296519576
7407835184
6712486969
3132373264
7345311325
426867669
5451732449
7690835071
1920580390
6980524552
3332747083
2835080933
191064049
3705246664
2216825108
728305788
6598998126
4251655011
790332196
3749637559
2401378710
5832152732
3763377235
6971039708
3077824089
6286590214
7421956065
5244340964
1973888474
7005039098
831955381
5770499296
3592720474
1898103684
2963732953
4087987099
3999830193
1595748397
2759186470
2790802466
2162357034
3466946052
2178524225
1876494081
3642514136
1782660529
7554022168
4355420881
117245208
5687249376
5534484788
2157070432
2543287047
1098807954
6846301092
2993597945
5606411972
6129717511
3670908513
5564135370
6365795428
779863604
7484928042
1176212348
6035318887
6384022084
361708756
5336037049
7254048790
6383543066
4753435526
3100896868
4412419712
4727531094
1451448585
4975782898
485413159
5797443311
5574851808
6277142941
4180894377
7189626987
4994230628
6237577221
2011623754
7431693080
7348498818
4020143782
53670622
2264395020
5210108244
7423488958
2998365840
4821085869
3018922187
7621471949
3552644123
3206129370
3063751714
2960359661
3336227133
4743603760
3655563395
1614314091
5905622193
335224308
6730193046
6009370297
3593156403
3516721836
2754690521
5677663178
5901095665
5771058199
7509677473
5531368309
4247377733
4346628552
4123867690
1290886711
5394286746
3002119043
5458898041
3342043799
445073526
2462060586
1772179049
3241298680
7042802229
6070450291
3045246157
6307318782
5938505016
2219754099
7155847152
2762386433
5051211723
3589326130
4443672318
3004065147
4099631182
3645951303
5128801913
322779362
1114646529
5152032427
6583621242
1433839813
7018920085
1237440891
2328761898
1041607760
2120623299
566340739
2958413190
5489959068
4414438917
7479039
3841096441
843221004
2659090777
1374749114
5562111343
3950662913
6659589479
2243367423
6967913597
3740166459
3788373149
6360258038
2474035905
940815175
737916414
5296591414
305048841
2977090080
2316280827
2526684076
5089130621
3562684312
5583325984
1526564073
167709304
2181130010
4598228862
3448738631
1165122155
866091454
1841509221
6568621772
1018186437
7538006528
4048425524
5502165852
3538044583
4164507338
4520931370
6339978603
1357798043
6437922145
6760620191
3873485539
3454614498
5586642792
1305471723
5397452429
3510461843
6832884752
1180092631
518877173
7150703624
7693713022
5067172658
5450671579
984064027
4596997983
5807115314
5582231229
4687388117
2095412998
1819724323
4690008070
7288460424
694352397
311337363
5679198920
7288283353
1533089100
3628094445
4138076575
4669396278
1683708115
6887276067
654841263
588788969
2592492277
5300488824
6658305341
5747408544
670658153
2647491603
3920111688
6298622125
5365505499
6479426385
6084067391
5547329507
6653760930
2771875260
1416216756
6846500963
935092532
7074227955
6694296988
5799567994
1081732157
2056906355
1106395812
5587401742
1057887684
5206428617
6240141985
7112256272
7490931913
1870140043
5236802835
6858578822
1040784703
1205072304
4805344283
6027262099
3509661859
1249282139
5801984279
7706304661
6095313624
716886886
3702805757
3030415555
7055393051
6986792798
410574403
5777707577
2840497672
4505770901
7776492760
4380477131
50699772
6126677985
5686531859
3973545883
6093943005
3176586552
6470163261
6095441562
2762990963
4415850948
2937717808
1754623122
6054509558
1043686938
6127502058
2962532171
5453013234
7043975551
4170897446
6123900427
572748806
1633417605
1764909984
6961815506
4017994744
157811120
6157137482
3026067969
2520594231
5077788222
2225878806
5244229447
1287124421
5324831532
5946665597
1203687425
5087839250
7449091090
1337605825
2009795598
1185318661
217232905
3448958380
1453988589
3127434836
4842839411
1874145018
121565174
4843338983
3722498913
1593902734
5884321160
4418854780
5108365304
6907389944
1662056028
4678044038
3877475329
5504872046
2868412706
2334197592
5649085855
3801337314
6896854848
6726168569
4545111779
7399105150
7514775783
4384314541
2795592653
6526112846
5043128362
4256379223
5750893510
2315738519
4652537582
2387684220
879341823
1046238413
8958542
6379347272
6413155183
5897229128
7683643348
2201686030
5166555371
6789578088
4231329743
33666936
2549773483
3146410647
5809122598
6566539085
7128902630
1668235077
109723990
6184930394
3172920989
2624657879
5194170112
2758885942
617627625
540030215
351959582
5522526125
1348719844
1470346017
231716995
3722981726
3368930474
5530013900
7355589414
2000500345
5082043598
5793958030
5997481845
1559789503
5764240101
4202979552
172386040
928219288
1498551469
5968843972
3220348591
2673300685
6147802877
3996184932
1392036887
3631988590
350325795
1991827243
5817826332
3510272864
3365473671
5780863648
2766894042
936612085
3237776491
2259613820
2552055566
3613697713
6981286479
6053662371
6748154171
6578406702
4102368946
2882689618
925940357
7703402412
2847705272
230359506
1525823305
5487237059
7372476884
1788621819
562986934
4379770847
2579101320
345940895
5632771863
6329784398
2548877687
1981308684
715677165
2864318805
6893554527
2543135224
4519137619
7800334708
5662322943
6287990855
942936306
6011959344
1780897792
6801238248
3382963216
6478789618
4087150432
6503672603
482957025
805349379
5023154908
7683937588
3003645977
6359797758
621078853
5946399939
169015108
3747895001
3715001382
6693632656
2326693268
6562898610
3885479642
4302970810
615749209
3065372021
6508771678
3807945618
6183641071
5528092360
5201286449
6371858198
1068793908
6750928230
66817823
6247961567
3763544687
840657043
4751288047
2600788261
4544147460
662850190
6712648139
3190394063
1352705880
7233991286
2442800064
3874736230
3168927730
4560999967
6561608067
2317035973
4626446516
4721749225
2147483577
1602623067
6796362974
6707170148
2815833580
2125206761
3991737650
4528202227
1230979696
5390422829
7426213917
7397214903
3148071411
381312141
7558593892
5859991059
7848865265
2702743942
3800875767
4482402149
3763412577
4248123688
4672421132
5565979737
6629850493
5661304201
3147385807
6414198403
5073569437
1244856058
7478998571
6172181248
5302185921
1988741584
3410890671
3239639812
2356106569
7794042362
5248726912
6797509678
1184073173
6266147672
3956440964
4013164196
706925343
5424191658
3749927807
1183830890
6558686514
3747878211
3676036123
2918289794
6898156830
283487375
7209647960
5647384733
1764296092
4614503458
5787494172
7498935733
3632745657
6035422776
3835501229
5074030046
2803085287
2923271674
4533909258
7623509910
985652763
2394393922
2297869501
7336194650
1960406814
545613498
7756890346
3204007570
7535231362
493942952
6086685448
949539996
534956998
4851119833
6246448312
3291308373
6667026408
1823957422
3826728959
4003026836
2542457589
1662618979
6537257790
7224010495
4234789207
3080933584
322181805
5997854358
35526619
5676916919
5597494083
2404486446
2968649125
6464247388
3905954099
5898485024
6802575736
5371985858
4917455371
2267353138
6659389362
7715119384
3194005041
5541822473
4844563185
7559299259
6660950297
2930379580
4737082020
7508989349
3321450786
3577230584
1353509099
3461795291
2283672210
7572439120
5902167060
5726542558
1060826358
151951588
6667605649
2526125206
5974662993
6769736537
6965318552
3439068748
7538024161
2832504423
416845613
5413623182
904202210
577174612
4528692962
3602693629
2593387448
939531264
2292559266
7710297459
1218390309
5044412113
3963117124
4907761413
3671349813
6277525961
5655301607
5314687173
7386967278
7778759126
2108740296
4528509464
3955317291
186254509
7819643664
4718029771
6878128181
3795835789
1893793444
6051280045
6666789648
484741014
2553148711
610630638
4184872562
2532934178
1666156526
1726057202
4878480046
3064122621
6656899772
1951105169
1860838372
2973249375
470307141
5400200272
4075518514
3497272982
2324609015
7670462239
2404388516
5909266026
7254497229
6782328417
6661428178
5995987138
7572641632
1397728285
1071560881
4545632059
3836585955
3209971700
6450779861
4050821620
4852651553
4895022076
4069686486
2354236180
1445598727
2792055693
3889533131
1570387171
2253009487
6464405474
7725454561
7401130887
4789509948
1474487987
4403574266
5311362260
5413313942
497722033
883443102
6557512432
3842960931
6960628408
6036574317
5229809741
663536841
7564585388
3865708408
1151554434
2783206745
5715557347
4723449303
5530703675
2032010254
4178539462
3639493812
7148379006
2918580195
1795187572
1144556988
900699285
153182847
5832891570
5890706455
3208626157
5537272721
4850913016
7770306184
4029990007
6486039393
6400882066
6729837679
3283153376
1452421916
7838853289
6648730891
1994996545
3152536559
2222337228
6017410672
3580467954
3718294469
2683138641
340777585
1505069401
6611957847
4963224692
4946414971
7512168297
5308163555
5572197110
5197672796
539579594
5083136642
901059586
3138810061
5540008448
2379272632
3018546457
3410453672
7846490350
3631784
6592215181
304383352
1052790416
497341447
7096496684
1408835114
6120320877
6585990512
2421766599
5752585998
5227101060
756403076
5268077008
3318678933
1726612146
7183895513
4335130799
1931912101
4986619210
3713166780
7516446320
3504552970
7353799150
5835587775
5058314743
279657772
121660883
2031595817
5391888972
7394348827
154450488
5420730323
1388171665
4482459148
3371820553
3259881378
7725823815
7720508053
563977307
5216755146
6736168262
291979703
6895458403
1616688048
2526931126
6295772137
5076899219
5060123624
4797112222
3582216112
1789557821
5162234374
7177474135
7520011485
4144902836
7644702234
2985984021
6963650689
2490389905
6494305092
6513831859
7277438626
7010249560
4647301811
4318193495
5986154018
4194220948
2415626409
7241666012
6132468511
5890250792
590543001
5234632634
3772648478
7075362974
7555287403
1548836616
2582467670
6782378815
480097513
4568565004
6215307364
1558471208
634652251
2326963352
1776759003
1024031975
620459130
7106489759
5170945689
827936483
5382973955
5624995714
4347271034
1235276484
4008972788
3768298676
7254015132
6254556410
3266290326
317925556
6824495149
6477711044
1377136221
4253576327
7183184373
1916377759
220622645
1778338282
7299705913
7443662832
1863297821
329897641
6477223991
791726547
7750981809
2753620500
5204766780
678587353
4292393892
204561
1211394315
7655140901
7152570409
2735046765
2123911406
7507116605
785973293
3278952572
2072074007
3185116685
4784903953
5661696791
7000713062
3729275864
4900712164
6075069051
193819777
6470504870
1462308186
3197259701
4192305768
3467268568
1027767428
1678817440
7375492457
4188402741
2215485917
159696883
3382817664
4082931417
23134753
1328705096
66920032
4951300221
7410323078
5623120407
4977079533
4500580038
6950494647
4021294895
4880002597
5782197566
3273543614
141039550
3476394322
1265324448
2156196139
6812836805
2553057672
5208715415
6699480608
5851358267
5259867124
3613456299
7412477683
233027334
7026058517
3871140922
3781621207
2045888534
7132069114
4871381853
68225158
1435260000
7088592417
2164995028
6458156589
1916718369
4127277635
6945384015
7053564482
4243718685
82738771
4618691969
7226362855
2428230507
2368583449
3207021910
2932796453
3379429928
2524513498
1812495991
5588689283
7171138921
5681326875
1012499426
869309900
3663315274
4013965876
4642095465
671414397
5329660841
2868211033
5457616404
4611701877
6975787318
1845298612
3408732570
2755585127
814636496
6601987465
7166782704
5398113724
2749576688
3045117436
1035668152
3957272091
1338986933
2851440062
7779295813
7344167235
5196271234
5653213982
1933860853
6803804591
5493113090
4009203129
6774882119
7401348958
7342049431
7229414156
912349996
360250417
7553071752
7186802677
7606969745
1058271500
3306549446
5197666089
7450519221
5919487480
507965030
6382364968
6581702835
1144593836
2035633651
4749623515
7137464793
2568063660
3539247939
4728035441
2618228906
1511327659
7690653045
6255978052
7376479819
7572476680
1360025812
2965506193
6110439441
1801861889
1335288804
6071627717
742895475
326335625
7315986077
4664358895
2587128718
368326892
6455894422
7704582201
3977492740
5251811620
5958009674
7782556129
897795279
2470985047
4902550683
510824789
5522514583
416907016
4882425546
5322943992
354551956
1835832864
6789897584
748539778
3956506624
1540546133
1941956381
5014134869
3282184433
7420845766
560783297
6745680886
3505790844
3812126966
3477536028
6197305836
2643972138
1926086400
969338814
4749014072
2231163769
808957023
1026115279
4369824281
1002392176
4164433139
5661846279
1307419956
949282988
6126367855
1733630913
5026569996
6884280132
450518463
4724416344
3640217033
390460626
4810370197
2373384897
2297551798
5416052448
5306809773
4290443498
2348906268
200642955
1270745613
5246076695
1179698009
6014476093
6229904333
7178368438
1322082812
1527370137
1172401286
7619242702
658849402
4060961373
1495255474
7238631205
5295902553
1446523960
2726843468
6695928596
3766227594
7309094140
3074685787
4383647411
1668018252
1694117903
5533810516
530865560
4379305624
4279160385
92379281
1240831212
1113063037
3061713876
6130500228
3964913665
3153878388
4216829776
3713911080
6767701668
1126324681
4536505953
5092260993
7239666970
1122213585
7145535640
4725010529
3491885963
4453159497
4136964835
4476480707
6154670576
5430866524
516011289
2341050644
1249294336
2088212229
4922373008
6335786411
6601081050
1666690735
6424712086
1012107878
7226376842
6893806520
5271755934
5072173833
4654288836
5546729804
4694743966
7522497043
7696597399
404456332
759460399
2374602076
2472881663
7618166789
1611371605
3169221575
3702781571
7444422872
5525098458
2457217167
6190651830
5406264297
7690434130
1861011921
6617281442
4424443259
3572414101
424193922
4554213154
5389632799
5899100882
3975795023
2559334983
1944804167
4767439921
2684320760
475826226
431716862
4675015244
4788790429
5278792681
970129039
7404392740
7263659992
2428916024
7048427430
4910211398
3061994563
1930343599
6276084030
5190720463
3041268273
7712126264
4664957756
387991101
3047517130
6693821599
2277530737
6556897476
61096906
408724545
193978793
2446200909
5923171175
4070440643
2650789878
5561406672
6714755087
7224039217
1672570112
6734137823
4196537685
7058458186
4794819669
5147175680
1852143845
5710897817
6432368155
672069757
6007453902
3855597632
4403139160
5933683891
287094951
4918542919
3918092259
524759423
5550165242
748374325
7560327204
7236398096
2277425619
3104114370
1964103039
4738871862
5732752399
2443751773
5292804038
5925696250
1471133084
4994249728
3730203551
4477777050
3564696195
4068748723
4660644118
4220266649
5710843752
7350847634
3224606895
6764166758
7335259758
4324699456
7350033899
4371118670
1207464634
6660476259
4784850670
3144640235
959119520
7515648981
2082385143
5203144213
7193287224
6990141335
2383013372
2488489328
1645181441
1042683791
3937274755
3803414262
3732225197
2602402632
4633859307
3263610408
7706738842
1258143230
2140924433
2038973464
2933125228
2821376712
7599066364
7468379749
5197950346
6871118595
5528840651
2080748955
3096929591
2757298840
3011260286
5287451554
5632259907
2267399164
6281510605
3910669221
2457772846
6173555715
3024700735
4582685393
2476305189
5679696889
6340522662
557270425
6736644324
4156871122
4226259809
2657663069
5786659113
306451078
695622791
4742269595
214752382
5146614943
5751374105
3381009636
3192816344
4913443509
5606369843
2464364449
4811683199
4214463202
2759038867
6448786669
1567541239
7225728642
154379939
5228131230
843858341
4763079665
3709029699
2513709943
4954614454
6026550943
5907958360
5489709060
219129007
4557350333
909151839
119719996
4599755306
974421173
784829504
5722146326
488989799
7673305880
7084407036
7407245614
7129914188
6328975391
5520598351
2441041170
6029718350
3825989773
3714250351
7158660676
582444031
7307942467
6185573576
5136111145
3559995036
2434261995
4232121877
6389733900
4765045426
4212030967
425459209
262363509
6715927489
2579929834
4458275034
2385287590
1193954082
4140235256
5849642903
5072276707
335058281
5713408143
74540443
4172230623
5030657594
1122090670
43041804
5249413119
6032753316
3754458160
5922775780
5966656632
5125463456
7336734960
7241867601
2822557185
6980861510
7402747528
1879230397
6463760913
4221641012
884625135
2512703548
3425842708
7846332889
4240796808
7772056666
1858533272
6767333870
1664590363
1805071069
1122157735
6459160741
5400080901
4005264257
256544411
5283566107
3537973011
7060650108
7756648522
3903496204
7133977363
7507856578
7845777239
2404656461
6477310783
3443757783
6054846872
3967672770
5871266092
3139186455
5987913309
3696136767
1083209666
3439109788
6704623047
3775365723
469306865
699572654
656353133
2011748498
5617717332
5371811079
1002027191
6845321172
2801845366
2735958396
4703481794
2851282746
5505660078
5245541778
2164720253
4201825206
4059114682
3799906934
4346138943
4522446083
1375739804
7650126244
92031296
7477290638
676413844
3107556009
5508162888
4973449474
3650548954
6329259156
1743129659
7482342309
7689856451
4070321142
2797555012
4017535473
6764442767
7561774834
5691096582
1481591576
3776715971
1908670418
3901582279
7310848155
3973582536
4125987278
7528584330
5001079313
2683383097
2467950732
1099859872
6130918222
3074240059
2230498114
7189892029
6395526395
96794141
4464723168
4294333933
322843882
7163633715
2838671935
3828706821
991289583
1194981087
7228740833
2608669460
6429647544
5336879508
6636650117
3947012827
4805144434
418506366
1510847284
2053747223
7337290544
2002007829
4061516640
6774992507
2085000041
97957464
192022987
5948158912
917248432
2946859385
2437817761
1126262560
2767167125
6568857402
6317231637
7164227473
7071873973
6590455595
3629533980
5111411567
1587714679
5517065130
4779131546
2314669862
6197455461
7644531164
4356105107
4079289704
1178859947
4273900388
411887029
3808815025
5398211003
6620286840
2724966417
3749296941
5194162907
3654519952
6436495401
3988173030
3173852963
2806831718
6985948009
3336635250
1674425840
4390633358
377873435
7455681988
6939126633
107343753
1127069464
5660415353
5866518446
6848793237
6156832737
5295025321
2129261140
4175508502
7252953537
1836133702
6119927593
7726458089
4691593402
389764812
4702440746
804246573
5763386924
7404830483
3069728939
2571741064
1484348882
298845848
4301430626
4941602795
408828399
174317774
289888206
4631492893
7845516666
977474101
962704690
2615314843
3401058687
6434001037
5358937814
3386804545
2332176358
2246081178
7188038693
4171015263
7337136457
4536111958
4996329896
5356959485
5868133779
6033694899
3607719352
7800430222
4846890457
467905402
5623930072
5544480274
4535355679
1857271474
1470963480
3807415070
1963556775
2251238919
6552793413
638832162
1171566434
2352716495
2444592734
5301025792
1547629762
4589581980
5852401075
5458436685
1952847168
5222683758
3648949411
3966481376
7741821051
5439335220
6126027015
1570700501
4310992747
7067660789
5297614708
2331087154
1287237896
4995217475
2290484240
5516364886
7032061337
3739762365
4106924806
6381443413
4897227417
3031810753
2713142946
334515328
4864541777
4986647038
4453013784
7133885738
1329326207
3465044188
1288137828
4903241886
4624192840
6798230548
7688822704
6510213908
4536212238
7184339523
1156921352
4614899649
2971476065
2853971699
7017379322
4478786289
3661066947
4589539661
7456479190
616970468
867186745
2451306765
4495144136
7326735664
5897108603
2624737860
1817917688
3592422243
3164449502
4957852619
4609217123
2812073277
3895430072
876316455
4140792849
6355910312
934092400
3353676540
5218951207
3213224215
7847997274
6896440942
6728516780
3430222845
6147771499
370527419
618842080
1797092647
2131072215
7520832239
2815914020
3637812259
1658878922
4908671052
3000496974
831047881
6914648499
5231658500
3132397967
3452642282
7489556069
1593795350
7688879749
164495665
5434100675
1593727497
5728405714
6271746299
3431333012
4221946995
7024304196
6194414419
3423498535
4867396444
6548079298
7774760795
1709859411
3066140453
2908701839
3713159419
6519809551
1390941209
4848784269
7501677564
709955995
5423517626
6909867023
1713566739
2650990253
5103366595
6428570778
564208679
2591572832
3904266914
1136952956
3103756326
4904861157
678917647
433513306
5597720361
5390067956
3258135157
5065178513
831791051
7244699434
5063559676
3953139585
2411989335
2316601078
3287230428
435069554
3235389494
6444748134
4846913132
2558086084
7596794339
639432198
9067720
4869894229
1581203053
4053161226
2838479236
3290442879
4934447366
2529297800
4154399239
2017199329
7072692812
5223359894
2056259247
5262349574
2761932312
6080490170
3765714219
1946121226
3607928973
963292992
5883923475
1639571868
4528287820
570955842
6605970779
5590640562
7386458467
1777958786
290211355
5863102193
1423156633
7123857916
4443489000
5316857996
4430331868
7718145116
7265258025
4625747931
5901759780
4302785753
2499574596
266806157
3856506353
5550026866
1144952327
1603632073
328174098
3395723481
7655422157
2608177140
2049923361
4517860269
755273593
5952440710
3871727937
1421436945
3478664057
6931465170
6795991488
1460221259
5443489955
698391997
2940692384
1319906955
1626358017
1932975433
3760350181
3327650413
764196915
1999926176
5042883113
2994971106
2243165167
7514926324
5785892596
845011556
4248299678
2099574614
1601186669
4324597941
3238160396
5067913374
5404560015
7660183846
4060473977
1584705713
2456380291
2768499838
3788177677
6311240960
2378626787
4665375387
5829582658
6052582283
7490215432
5656802524
6695514343
7735244624
154726215
3406199525
3238567336
4615465240
7204133972
6658863583
7064820682
4269549976
5239954591
838083073
5759137064
4454750883
4396341538
1319936434
5493579687
2888179484
1673804981
1170896182
4525477867
4043215309
7384636066
5325008320
2284920952
6120323329
4403325384
6202488949
6391459946
5947370461
6995160394
100096234
7613477386
5534908102
4650450211
5413953008
1476193940
1138771971
5542516170
2587334242
4587343404
4935211470
6093222579
2562972924
2419721150
4000278529
2707867569
2900452868
4834943441
6108678877
6493723869
5085907105
4822767715
4166136223
4656682306
5992077328
2903497353
5817684398
2201716965
1095239656
3721165248
3244186522
6677678693
809747487
4973887471
2758555643
3065405317
1102036835
7327573119
5987785017
1649569478
134827202
4544284612
1763714663
5211698052
862547547
2309530134
2745934993
4260698229
3087731258
6365792786
352813579
6884659856
2465632438
4603959272
5571862994
2282470895
7851931223
5565401423
5981327507
4843752783
3542838504
3786930290
4396102998
6653663571
4514221581
966741583
3186195675
5386164257
7328741884
2351758306
4314727737
2676041359
381178845
7529548897
7636045389
7587800599
366500311
4230668853
3086726729
751738251
1757714982
5326996116
2722901332
6493748823
5448657724
536988253
626682261
4194909512
5919329709
3772769084
4501037512
3245639117
3395977625
2325946758
4000613087
411540607
3972718160
4948010711
3221899476
899486482
7104852891
127475028
6717783561
2828618689
7416469860
4411955970
4960940245
6603772547
6277795569
4251878899
51726690
3957327217
6913347900
815575701
1370295975
4804310063
5931121405
21230864
149285034
1474934243
5687902483
6155909541
121503954
5396240505
7458824242
808636720
6399567546
2353122455
3718268626
3081766912
2368920323
909918674
2700819280
7708234568
4994762368
7198803967
1926323032
4702326626
3206702979
3087573760
3981043251
6469856208
5424766790
5271698228
1978843398
1237808804
3286888783
2307836063
364449640
4719101818
1263972628
6355137360
7157122168
7464201034
1253787181
7749339686
2829498095
444574041
7733441360
2581488228
6287000417
5502713748
1375543827
7692745565
584074476
7231140299
3174827784
5999918485
4005505485
7730356357
2195274620
2266593501
3391894011
6615797683
2502263594
6791280081
6065025652
3266104571
1466481587
2874946142
850548554
2322169652
7831151432
3350838059
2215808610
440434649
2130180442
2931002060
5719810148
2660781119
7490373880
2284889455
7789592985
2268884787
6547871653
4493038351
6750724908
5034135648
6760663019
2528448251
7302102852
5109300375
2951836200
2482980871
4174097777
7467368332
6732572793
3389039361
4323449749
5807064882
2789549013
7299438020
328107694
770345599
4346749873
6831088348
6537300349
6116904777
4269070930
5459244510
5228234305
4789178795
1909742054
985329663
4191217688
2973256358
6580702141
3534391204
1344447723
230824976
3263275836
5775202890
7774476876
1637072275
3110533570
3561889709
3938415407
1524454879
4421950314
1704939853
3050634111
233393360
5709982303
4750422997
7767280569
4335258855
4718396207
7668274842
5532719541
437580634
2060586205
3908953187
5491310193
1649912643
6370509334
450039126
3666724415
986397536
3474663879
7544052380
5822954941
6655144154
6170800103
1408741414
1402502038
2427690938
2294302660
6484660213
5176476073
76695076
480134548
4835471944
3138121515
3350906300
1670774185
1381042385
349068422
3144414963
2675819279
5066091862
7775067166
5642861234
5276131311
1000490109
2730000968
7158847257
1997777554
3484295138
5293362123
1525007877
4297814532
1888281147
6109489356
172612599
2340043228
6668703711
6760244340
2286799549
6015762836
2152277239
5033698690
5462744983
4640565140
2994663628
3213735558
2397459214
3951051220
1044524069
7335976919
5025075794
6274353957
5681786312
6076583142
1378719043
661373563
1626965864
5504939339
3569851047
5236954801
3378618359
7521048126
4976480134
3439106676
3973515217
848149900
2053012250
210392833
202119570
5182327986
6567029256
7615817803
514837822
5306636400
6493814109
6646224459
2757795174
7095529942
2915242355
1607189773
1200434422
945939271
637889136
3801910658
4931120770
4932594123
2527123134
1936038847
5684574339
4775714457
789715572
180569602
7826185225
7240128333
175356581
2217398304
1763323715
6351393853
5412136947
4100917135
3929603814
5473870620
5386700138
7667363901
431080151
6241325405
1385991647
6006752281
7041290278
2902246732
6943515418
33008195
5319053481
927644788
199127248
1406122885
5375904918
1050094016
5314987747
4831413839
3221365452
3902295046
2160821113
6469107288
6113229803
4539106877
6512699372
517340130
1663461549
4940300105
3571824110
6455776146
1611523751
6370331325
170872206
646371829
2541190308
327770188
542193971
5304260304
603611509
5210330722
2352490050
2279441323
1359772452
6857556141
6398564998
7423861348
3181410852
5486165320
6151767611
2187642301
7717849479
2148366049
7828903351
6234137736
2256267483
4608606621
2419995936
5215282268
5945535701
1928786795
5358766
5704618711
6729825246
2207783390
6342566920
1053920150
7257042301
7030299877
5494662946
1279086164
3946559114
3486990875
4224470976
4231454859
2925963514
147858669
297961693
6558971523
1456343128
3321123319
6160726194
5759302604
4413822188
7698917466
5646910911
2019352915
1781932061
6831390602
3289018238
2997264136
1925734352
6874188507
1161392471
5601357331
6005520630
7323669875
2548947125
6810223756
4289311575
6588424101
1263852827
3583267839
1097591994
7651750081
6485586382
6655942435
3293486068
3168152952
2237741955
7202658551
4231874959
2071759417
2002187937
3767790734
6623334750
4117929433
695020063
5260412951
6502129180
5504852782
1753908147
7671545246
1901069879
3903693075
5376509707
4252275558
5785830416
1790730623
725209676
2594128352
829964002
7562827004
7697322354
7596327458
1467092421
174757115
3875091863
2193008183
1236013817
3125592280
3833974822
425670071
3928075445
3201856556
371834591
2351344228
7567386369
6065606596
3573965429
7171131470
995290099
6442432262
2969473767
1889583591
7533898218
3257685627
3847366589
7455056004
7603497498
4148043248
3441255741
5651533681
3083116785
1873465329
5206234059
7294772291
3215159551
7430207738
6179368355
6585961769
5351739792
6773523433
169220612
4271182251
6298699958
1619537110
947105622
6929562214
6714632689
7843670053
4558085448
5326667242
5443448521
7151984867
2668940236
7266052299
6961109248
1985520930
5569389965
1461149978
7001054419
1004198037
2079509985
6581718571
6775363537
390154657
172245204
2187241424
1538346130
4959294040
833927532
4151421061
4855272724
6799385199
3790460279
2222777781
7043414376
690592300
3664773845
7288075393
5181870840
794639113
7551128657
1400100486
4307983918
6669833895
2190271713
4260522948
4297128128
3409777417
2797997422
5976343356
3436808771
733413989
2704669190
4260371886
2895567172
7786386914
373370618
872622325
7505228606
2120469344
2507669728
1025338505
5051812937
6099972464
74087410
7317688422
4788359276
6404762807
4061891967
4228094767
4418934626
193650526
1811525834
7441712573
5057755968
1585571479
977667016
7619648277
7765473726
2851462594
3379650069
4746182822
1340550542
1939560986
2166409909
716934236
3247869603
886363182
5563927409
2543076976
405004408
1189181074
5865263317
7302105388
3086638717
37195788
5438674305
2836685367
3182214629
706935814
7053556321
2804313211
7293032755
1636822897
5030427792
2609185740
5160280387
473483373
5384468554
7234134677
2463752094
4355768066
7279668206
6289029381
2289268364
3627448545
5844087877
3065283010
1367820044
3158765131
3685297347
6668138307
1943862657
7009118390
2896539043
969643719
5786323258
5088588030
2778811170
7682654413
5347270062
7005794374
7359501363
2682245381
5600117873
2423248692
7812683223
3513911011
4110895919
6031223146
6824731226
1630280672
2666975417
2151551665
6683704332
3066980387
1372410926
260519680
7720128720
893591760
1779544803
5005461374
5119036801
2556700275
4293137557
4467226075
7041352396
2836008369
2125786930
3187218853
3187771659
3147726207
2361506100
3967293533
1638136485
353106123
7050092511
4748843568
4001831045
4029086511
7333426187
7170996384
6059823456
693453545
5280425302
4610183383
1428077115
3959710732
2090689670
1577616944
6998624187
195566147
6387938293
5355302516
4482124021
4641118640
1401434423
796230547
1621483973
7377645514
6711079518
7058313418
6232410048
2264392536
5891248420
7364108189
2988214646
3404803224
6279174768
6582672056
2497588319
7703986359
6341552791
4421007688
4989389582
1883486927
2278931948
667623068
3392860092
6052394188
6353305939
4604843873
5865713078
1975265401
3350340024
7157721029
5418085011
1237462066
5521659257
2547565194
7850403889
7719678921
3035797133
5561091455
1715376159
2267572702
2828988241
972434364
4062065855
1302777643
2137930552
3067277061
867703029
6928804414
7304780161
4078805484
1478456742
1060463281
5675090335
690108367
3149631744
177986987
5458237088
2617292729
5792445832
5862223641
6764480132
3521585383
1660130843
3543961174
4919809473
7573318525
7228899805
3094594035
6877487395
5700970214
2614691061
1936702181
2728679694
5012259899
6970485939
2441088773
5490876916
4063643468
4674949524
1730092242
4617003879
3436516088
4268672672
4893922307
3591147925
7072306031
7329884688
7456622840
5156838118
4616355805
4063463753
167642466
7197252976
1510210006
2643281862
3588347848
2943022497
3794391866
3645543756
5095866225
869201636
1505009802
287220439
5210471272
4302597631
2957600323
4005058955
2849215058
6626135276
7473366307
968767830
6137439844
7383061235
4513447977
7694933505
4885141093
4028866094
2947027854
970780652
2106891439
1748243005
6489310816
2302022637
791979288
5167491134
5080406929
2955163781
383363795
4544333013
1695000034
2583416622
4267516046
4085084422
2320305058
6087428394
5557982047
471432384
4397286596
2674925543
78575442
3011350570
1507098102
7154605885
6959719377
4133290281
2426099554
5735451039
5974317785
3585230677
5815164516
7758852584
6533008579
4492187558
6920541955
4119715004
4040363834
4651710153
1313046489
4179652124
3858104584
7339690844
3906987120
6698016200
5816199849
5145798949
7509158162
6935180757
929249232
2403043780
3724403556
3752172467
6805907367
3249903943
1844071517
1162395460
3096120022
1589793939
5063400662
6280492457
7001684552
2034518505
4045128532
2751447346
5050123680
6731653264
304992373
4307279316
3836248739
1299754642
4791071005
2411770676
750218369
6164074698
7404875218
1372219830
1998459193
1561123095
7677839426
7401619397
1211068799
6563269739
1219164099
2841649281
4380344771
7782304990
2521348149
4671330141
16737629
3366773826
6321605927
4885243827
5876117265
7431817995
527685057
2807705825
6010150621
1001317731
7028251667
565041432
5121760608
4615685340
2171608800
3088347275
88760101
1587877095
5124559859
6045744031
6193502583
5532051746
3510166325
1867069876
4574189865
3379649363
3282356801
7543050419
4888957521
2376106434
4520360908
1965052589
4015718
1637607486
1384219085
5710942432
1593946091
6376363134
3111007097
3796997541
1105033764
3520950475
1499418683
2374674912
2248785331
4316424658
2268118173
1707129499
6609583735
1690921085
2806479232
94025488
1285212653
3610590848
723884802
451669556
3521107006
1830390998
881653723
3200353456
1080525472
7044941850
3574803672
4342778621
6136161274
6479678510
4458122847
961593165
4859436820
425581144
5060075036
2591754768
2272846523
5167087715
2964325822
6241204623
933460255
2494769727
3200812477
20480641
1264184133
1784490560
4806415056
6221096443
1593755382
1687592044
5149559748
7049415890
7171080037
3794376863
1939278244
4976388679
2237126083
199946114
3064215557
1772816713
6896783818
1360636250
904126408
5619741831
6813686731
2628920176
1019089551
5955793237
6391113309
954033407
125640676
4406337974
4114174864
115055437
5939764065
999514756
4381195407
6995604172
6134346930
3191424140
193072608
3601647136
2787094857
3121190084
5349230104
1300028345
916635235
5483256479
7834063953
6927816379
2065023689
5046198138
7567953836
65430781
6858442440
6494623099
4641545816
7574700451
4465133916
2751312321
757309444
1019308607
5013368636
2213104117
1240991930
6506841534
485393607
63302819
256029549
5337854561
6712134225
1567232990
1599791515
3101020740
3903309951
4476352432
1769650270
7610249358
79707591
6539065463
4406647866
4202080711
1870136476
2306517780
862974159
5581622109
7272529740
928896575
3631954994
2349487738
3405252000
6284160282
4422125062
2015059677
3844261307
812948324
7233470787
528331634
2687630281
6611065221
6894657592
7235195319
1466793374
7650500506
5670990164
720330869
2903967023
2155956095
6379746972
6789787396
5926921491
6481720386
6423581243
3980291975
3866278228
1938608087
1534937834
3816713401
3307596741
4941885352
3128830877
2027444815
6806915244
4996971247
2526729482
4536327839
6760286283
7799455621
7771856287
6833497077
2536370188
7163890319
4029460684
321742997
5260452033
1721544676
2308344458
1594254178
3282308065
2970607241
2037869290
3530680816
4674440514
2697989212
2999149898
5588550939
917018116
497055608
1393207854
5455660307
2811483829
7752018408
255042673
4191761641
7277451876
2082721791
4854035661
5212545451
3504739798
7770189943
6717088851
119176230
6088617072
3781581340
3369686742
1811029324
3416403130
4329577500
1838431218
7227319306
3626548888
4801070761
118334922
2233563227
3290126279
3459673440
3453024736
4972466875
7764819480
527138651
1198459905
834395502
4806255941
4311356634
2313574460
3948756261
2516933021
7839378947
7376401892
5900315937
7013289818
4426867090
2180587089
2218707418
5417862931
5105194555
6906457818
1403305561
3757390599
3218621874
3154887264
3588082157
7705139503
7103870511
2918301635
2723898131
4213910415
6027890470
3186196310
2788484428
7089654043
1029861475
3995217359
791423942
92149111
5160702931
4343058529
3534551175
7533764347
6229601562
1122942047
2907462801
1708282462
6397689391
5086042550
5808225995
7815460573
3376156715
376320341
2956082972
4048064219
205728208
1388682330
6095092080
7250970121
5556441087
1349667929
2705714702
1950051201
4405523905
5820368093
3011308166
5152572742
4421600966
1688578351
4055153687
4601981816
3792070931
2306414563
1472210971
5537953138
887266608
3025170816
3674503361
7552022177
3719147783
3117700869
5123046528
3457433628
2714176547
4667183388
2183479904
6531752400
7566759753
2329650685
5693170625
3409627257
3201582938
3300457744
1461904932
7619293511
2522809318
474431412
5587898080
2829341368
4743725955
6117903785
6317098066
6526004975
351831337
7032282707
5950646356
5356817478
4024540485
3630081905
3091148236
5912331468
5800831606
3643947982
5027507669
6051513237
2688265487
7412038937
86512593
1542981297
993638851
3333486273
5967807448
4345862430
5770496180
1625573458
1751090275
5157445637
6499012651
4026992706
3088608918
5365949088
7554582737
2628604008
6863545365
2971362995
6569082066
1335182506
57686861
3254842816
5072030690
3101462834
2058632263
995125598
2308827417
5227561671
4105932818
5225388124
1860303532
2579512218
6194218214
191699372
6210683201
5362523235
1195224359
4735853486
1014973441
81362843
1810676348
7155287596
2724853877
6226905970
4383370500
2488505909
3668261999
5277775104
2968786496
212586885
5067991251
4756537757
2951664163
1581240866
1842733343
3357000620
5959673209
5510385138
5116709005
5078652090
3229243536
5248599203
4722918479
2371927755
7408866932
4431750290
4591771644
3823787314
4095627033
6523937360
5412483897
7510231036
3983518412
2628620567
6376389354
2057360078
7358194106
3842720113
5628194823
7759419662
638169947
2510923876
6957748311
115842335
7327900928
2381259716
1356837893
3934543392
5358225874
4799547744
5782282176
2374617087
1635644385
6671030949
3649143735
4742646449
5745538375
6115641804
2863522917
2538495092
4420497061
1816212465
6633609640
3398473817
1278591033
2458695389
1525279625
5272154292
4731613288
7670207589
280259715
6092235137
6955561298
6068552128
7201122753
1594296425
20583800
4008778083
338191806
2461990468
1226539320
338638564
4779624922
4370750573
2389385958
729895403
5766080321
4248777453
4693030236
656746530
6872873168
3203935581
6099163224
6885375959
2180258896
7026945893
7337181253
3558025783
5537013770
303567377
1867910491
3499479441
3942287873
5152129215
2141268296
4761306505
4114618950
1238383592
1734306935
6512757379
1588615515
6419649920
142543560
5793819103
3956587906
5313170844
5367531836
6657785767
131545362
1309176412
116134610
5243120097
1162648162
5719852129
6616552210
2279311009
3798520926
3951212188
5088993200
7525278880
4507433469
6182360277
6044719281
388019713
1144369342
1668565618
7047155607
2637339522
169499755
5132334907
1558077060
7227478651
1966173236
880430575
1865401218
3583749604
5190082808
5094713766
6720262306
5854047400
4081919798
440673157
5416399333
3872122978
1462145415
5525195251
4966803400
3176764874
2852195477
1680361454
4165882735
7695343345
273462229
2626340601
7478342578
6999426843
628328570
3398842188
3326247390
6235875250
3339641486
7447121750
252070901
239242303
2380307567
4488072060
7064070601
6693468524
4912492052
2678115331
5146051062
1206120821
1056630221
5340827036
6823977378
2405217622
7429238501
7194998311
6861611705
3437744311
2974599155
2269664036
1747553376
631554307
1549704426
5425156687
4989352291
1691864736
6421917
1079699905
3428914773
2251253249
6329510062
4119767036
2019764332
1770703887
989557614
159681915
5744251997
7448553640
6104989016
4701724372
1434941422
7443614370
629790829
5093089324
1424208714
475780110
1688810660
890613527
4878761084
5743772734
4688431514
3773833966
4551291808
6822085748
1527948764
529561308
6118250111
908772705
1923898715
2757953478
4299234336
5485924982
5829835147
5637752953
6618924981
5230356706
808553441
1563623137
6886050572
224898820
4935510603
1605669851
6359144942
2759851178
1492097314
2461324483
5014935584
5750098508
6271327810
2868052296
7335925725
5345722277
2532149429
1782575235
2863487829
4002062444
2873185840
1220635802
4239674925
1260221259
3809735779
4205767522
4285090691
6999499433
2722559457
4439371234
4935128770
3362323007
1854780514
1544994651
3531338226
4898632314
117941268
1041698456
1274494703
1253935322
420083383
4694369226
946577735
2869283118
4771349657
388202046
434653737
119731034
4101689115
642806985
1503299791
5189796565
3823128801
1034208746
6149327436
2005693037
4355411759
2477039153
4693122343
6889526168
1717166973
4249707765
5800816727
657923047
3195418877
5577460775
7043517537
1027102219
2887307672
5233354329
3846051668
774540209
3548792547
6764928115
2451031750
4978414837
5070093719
857314952
1441008033
3007516077
3781451355
5157426424
4940707859
1174191962
578167380
2160849457
831261472
7761291599
4783252092
4649006052
5692266223
3663302442
3359522157
5181739030
2290977402
4737321366
2574647979
4399841422
3342046077
6926859997
6795327894
5881778225
6294400529
6844294441
7690125987
833249771
5246669980
4630184489
919280615
6919060941
4321588722
395570533
3276750807
5234337287
4269150603
5414038212
1466744698
539813034
5657342706
2835423210
2219966622
5646636799
3431170037
7509480034
3268128044
5614469191
1247791123
3253425592
822896450
1576469492
2389675314
413347599
5952507452
1614331672
6188648503
2773671586
4521117458
4482104441
6505992365
3139834579
4408544818
408819563
4063914636
2931841432
6922576882
1217436600
6471395546
7252923531
7647640005
3006186571
2516918531
3349707330
2211876343
5071692892
5387361079
4884321071
3447783250
275555722
7046099955
6292676092
3319754298
5400466181
45866593
6410259208
7363018304
5592099434
4644920987
2945191020
5735455181
7220900952
1835063333
4686779558
6431704165
655468064
7783038114
188437855
7133857302
4612652529
4530305715
2257807370
1961206634
608819951
6577676577
7426464764
383058447
2383695534
7000431286
7329027017
5924933436
2946156554
1471757302
6247550814
483009357
2703143827
1046946517
7432428123
2301234065
6233383003
5945426188
3977243853
3104483697
1477064270
7303062734
2644420545
5900573500
4505191895
4632469236
2604173574
6549221819
1169226641
5315884134
5258492590
4061020776
6772906559
957424791
919545300
4033985991
6012321223
7171097288
5939982551
6999629379
7369996937
5957249164
5244040
1785296112
4846890165
401321693
5640518097
400942276
6568781689
1922253431
4110974741
39176300
5849160585
7762580677
5351820127
4175642186
5730199381
7731157998
1476752564
5785042941
3687787393
6735602610
1208668458
1834077661
2036416593
1220634831
3890286588
7305272741
7814311551
2956352727
4732323821
5010723595
6708904163
7355845174
4606023364
1327414931
5806317625
2129085921
3801370919
6691151164
4122312685
3536386120
3419864197
2588992069
6886639501
2693344583
3674267158
3684791650
5085612246
5549701494
4856347839
7497532990
5192890607
6602147145
5676857850
7341504548
1933879217
7312526758
7028780033
7486907320
5189260516
3478591180
5732050805
3077662799
179769086
4750843877
7344198901
702927335
5079022190
6806073471
6902517322
782400930
2001904523
2724450436
4196588838
5966473078
1057360088
4908604573
1945177083
4218020603
1000934614
4155715571
6983105158
3601917826
6200061152
7506157365
3629705132
5697733194
3729847660
5862752216
5437316372
5912251444
4465271480
1829172470
372166658
6688501021
7338493096
7395767326
133956630
4000540044
2572522717
5555980432
5407711660
6314173583
2867000610
7621784303
6551403023
2245906395
1678608927
2715447137
2588818619
4589821344
4820022707
5631936204
1831958352
2418292842
2614923079
6481503609
2021369836
5203589299
5902735217
2848673337
5108909132
6698160000
6841338273
6114578964
5664866715
6724923564
5391746962
5047329265
5331805716
4369216963
3025707626
819256142
3446474764
6629708344
6115421281
1716060772
5173998363
4671931922
429332880
6276253610
2805837636
5965469252
1373627267
7465246157
2304057930
4909421856
2807997390
7628485781
1661680711
5319790300
4519804142
6866313338
2010164833
5024012260
3118657452
4097119257
3235874514
993605137
2039372142
7189246305
7515479185
7603382059
715312301
4972091963
2097597550
6078900996
6162002126
7133212651
1872816530
4015779624
4141409659
7784318735
1794793165
5333567209
5699813198
6016389443
4441746910
6117605103
3211646242
3276297979
4552534258
4727334787
6812579527
6585644722
2943241434
3228597306
6780609894
7226531656
5322747513
763862345
6066846963
4403846404
4376209210
381413660
722267185
4522339241
3255992278
503217794
2540515682
5545189562
3335330082
1123563252
4633934289
4905564179
7498185698
6030780991
3367760435
5045943548
1562253176
3237969884
582519936
2205184164
3295331188
5131106820
5073835181
6321167553
1927094304
2511413940
3783580837
1877563809
2369890423
1665750886
6916653285
2586625081
3803263321
4244859058
4428643
4480955676
5029977933
3507923640
1355247028
4454097018
5783046678
5965208741
4685981186
6364059408
3707021206
5208723778
4257562282
7576399770
5638647943
6359197531
3012828015
2190606926
2857397017
5005002619
4086173021
5085243663
6768564958
1541628927
7260846360
1524073592
268028515
5444295366
461082465
15976375
5450545201
4569017665
1372667484
5644735925
824366175
2407933697
7042446953
2242470662
7468031663
7684769890
5966338850
1444300767
7821368152
840394437
1057517034
1884121336
527069419
6345768111
4404995016
2819236207
7304981725
151717997
7400730866
7471033170
4282711869
6531060647
3281986763
1724171367
2736651092
3464021590
7508007339
6837753863
6429382381
2703349912
6038497911
7588593499
969917528
894785744
4979313974
3143933028
5257197265
6932574777
3608252807
10086372
2918721140
1653280212
426509911
1753047530
4035979883
4729915269
6822001166
7237406403
2883826396
2294555364
4968299790
6834798891
7744511482
6963403392
5601104881
207807250
6272110087
726175
4758548329
1268159554
2085434095
5134679216
1209934142
5770976986
6742704667
3760381997
6703769509
209157106
2728793032
7256087470
2920716278
4515163158
5895478395
6667139644
6885866558
4403241602
972147581
1501814857
7071077246
2591839572
4842346443
483232853
3831383884
3546245722
4222522678
2373630431
3819388334
212778366
1422913476
5465154306
4108980881
3583729938
828519362
4789752373
7132776514
245754346
5796211852
7672683204
6349241822
1164953797
6049069397
3155091973
1119707693
5895903053
5964773742
463103850
5776425440
970263855
1943882473
4689790761
6336422703
5345013595
3642637459
1107915497
3332812487
6051746610
1637944259
2223869608
6821246254
3349680521
7494746739
1354860127
4418735831
6787232913
1682244909
4064025729
1552362818
6826062304
4885037347
289847317
6223769408
1813466328
4100630563
3254225697
1416918090
5485142804
1487603441
5170435069
2304550841
616645105
2156602832
3127933336
7434931775
6732634614
7725156011
4779066189
1225849164
4196027641
7227459348
5249783081
4829898908
5631923915
1184673618
1976633005
1319083706
6240297982
3707807646
4546386115
5081331125
2610787512
3618035766
2190636943
2838946439
3933911111
5804046351
4938127429
2691743944
1104875189
5076270467
312291688
1142499460
3056996962
5884108426
3640622716
7464839468
2181239860
23883658
3874608205
3008278707
3062161211
3333496161
1467116828
5622657586
7486701894
5013782133
7651547573
1107463674
6178060438
3848962927
3055963465
3115447802
4655236459
1844340069
1737673477
5948767322
145377275
2248274712
3434705667
7268054351
6284581047
1210499834
5120435931
1420963694
7190490976
813528728
2324215176
6434868053
391706403
7444576294
564265168
3654480922
6019041477
1413046904
2324372198
5913568815
5105655103
1567132544
1398647496
2867526525
348202317
6055132117
385226838
2523814681
4192368598
5186493576
4782504121
7712016250
313034675
2395905484
1865750666
1048046561
6975712869
4698410581
6749621950
5139350916
7545517472
665460037
2962274882
800051661
2179254614
7813955231
952816326
671244171
4261442312
2469728162
6304317798
3712961959
856404658
262485776
7228160218
435168168
7526824300
4564161927
2481382884
6089094897
4674546140
7376762707
7717427337
559031525
1160853806
1928291370
2297110740
1458976206
6349761972
6567570019
5385420685
7751087845
3503895399
6178769745
3681979304
1033962315
6534038919
5405887213
7526983141
6068797634
4751006659
1153984394
7677467858
4090075262
5025963490
6396347105
3389965563
5986160029
7482947798
3228878674
3913239144
2300085989
1186788427
7671517627
3944105764
4149209588
347934700
1982532474
163166223
1287952295
7337887655
2958847635
2014773237
6195422893
3620601629
2842321469
5275065840
1904389821
7606262402
2345480695
2274606305
4260198497
492713345
7689663533
7526313549
723837081
4418087557
937386961
3056054908
1456081675
4783141394
3634607257
3452776341
3133692933
933268481
2977567846
1918507970
5172824082
413165990
16057016
263964114
7357415017
2341602080
6312729730
7620708093
4256161505
3699266023
5290781903
6782819375
3259740040
4396486858
7829248348
3124535527
6637130947
353864845
1505844661
5378908473
1466878805
1874448562
2965351273
4011425832
4230922884
3443438441
499570326
7081588097
1027068469
6451407437
4408989809
6490599635
7825763505
624072886
5166955294
1746891942
6252136382
2497981439
5962075669
7271509204
2866964640
271239723
6320763677
91531292
355448547
80809132
4516593537
6800087049
6877707098
7018270340
3862936
4101229239
7830982201
1651650056
260027011
4000617439
7525841828
3408107526
6566171948
545381033
7421943286
2834044140
1650482308
2177834179
546336318
5366186269
5727642837
1563364767
359238296
5473740215
4645960898
3099711159
2557400889
5664294739
4824727102
3188673102
7003764699
2866037928
5095539345
1379135747
5942775217
5204143786
4970040603
3824489410
4414482445
4311787131
1256065028
4621754180
7644291702
4785344404
5607862743
7755115892
7599644415
7576358504
5869973543
2364149053
26653590
7018826702
6783007796
3191262206
3052437176
4308926459
5713770541
1809885035
3701771963
5109147028
6786197161
4847082191
1436453758
7327683338
7205454839
1906145252
4107206524
920154480
1135892767
1794202096
4900541421
7055726183
1408059940
3533619684
6297230826
2503542628
6629393013
5875493704
2342685784
626310437
496841398
3064013795
773698745
6973336001
2449694560
1002426420
1864247503
7428985206
5795849359
3739384835
3178637324
1356163358
6280589095
7569078050
578366443
5429367457
4854721702
3009609377
990162358
5353739640
5962145144
3798031686
392342929
1396562843
6795993679
5165648333
465083177
27596717
121500131
3926814586
4811711880
49187368
2067609699
5110552858
4494933107
4061146254
34674645
7537140340
5884673529
905799143
5632585001
6609641758
6163638360
4221627443
4282587315
569525743
7055013199
2839638071
3010835936
612000025
5716261903
3363247488
3536487492
5988903799
6425871769
7850057105
6008267655
4910264002
1407975188
1292206962
6469495770
837718675
117055866
5539573124
4179998853
3196133191
2271142285
7632944900
1805503859
2957080549
4057294113
2674578676
2802263351
7613520227
2642830444
7561054161
2081162221
387550197
5970571322
7469729514
6088765630
6372735072
6926505467
2426570417
2136868973
30137799
451582154
7567208018
2655282560
5703150044
2146627008
1989018454
161840688
7737556481
1721807795
5638922230
197801813
2539785548
1120311362
82332628
1231434414
7217238428
4863855380
2502112695
2888834395
3445101743
807150772
7367202439
4229502742
1647713351
5256541581
6775992675
3470903440
4831614164
703316233
2025374835
2974080163
2598542123
3171723376
5131907901
1513576395
3315242370
1167882561
7047370341
4325179320
5278618607
4398094343
1915844059
1560073967
4220454964
6782633680
522130930
6995384126
2365476471
3791003213
6003617701
3044631522
5645623909
1497329797
6361561680
6091755064
889443325
519381424
4263120259
5593213081
6285128431
4209946251
306985407
5776410471
4348149713
5279851159
7193629946
6458832320
106945139
1237077231
4127077248
4701907674
3307873253
1152613994
2817352024
7556920888
6870119603
2447843119
3980856806
3246965065
1372601887
3722217377
3461771862
3594980443
7337587758
2274093823
4413150253
5184926949
1278713756
2157011374
2832739394
3718126772
87392737
2912019025
4042689179
4053895299
3852889462
7617884933
4614975430
3269921641
6974638712
3094964099
4389604321
2346876560
4209173136
5214131783
482372077
3173102391
3605244109
5935651862
6200874869
5448796900
5797841871
6990176690
1843572204
3413423575
6783464304
3549755271
1121228676
1103947424
743289549
5465106394
4551584287
5592500702
3908164100
2425837411
6674829284
3887994314
324929845
1243746066
1344928024
1914221595
7419333309
7111725739
3916821522
1824761812
6991308214
1432517534
2895511564
1693716603
2015718052
636817592
1238258476
1527678395
3632694053
236982140
3765991549
2533432451
7668748767
4823230714
6876181800
7016397128
5025879969
6905995805
3277613936
2857286445
6738519077
4011530278
1069188552
3496494241
1886549278
2835320984
6920529814
602300305
1219324604
2234786218
6743161288
6662958698
435590644
7852104426
3214284906
2607933517
3155855648
5285571549
5432972908
730655452
2536225925
1625433832
2128430514
7393854638
3533797199
3534853654
2795917982
6050091219
3734218111
1349613739
2131690273
5537940308
5492348062
507828211
1799486315
3414352673
1806701258
4273613406
3671666610
4273994398
2328775838
337341675
3320592652
4483046912
1464142385
4082911144
2135163965
6924051753
1842773890
1197463904
6316258950
1994148097
2190945799
1736473858
5258934373
100428626
3799053365
5129302266
4096848718
7228047400
265599332
1638439682
6383249959
6911945523
7672894675
6981783532
458265707
1454495866
7725493018
7357096859
5145365953
6778640938
7392672434
5423912780
4935308334
5870159520
2994301031
4475190657
1109876524
7729077336
2119357072
1350520343
4315657486
1102411793
572929760
5536459235
5939993688
5887564781
2124330041
868888048
5907858456
7124785421
4817180703
5678356835
3177094308
1852226174
2840618012
3278173470
6103855690
3109587998
5524443820
5621727926
5525101290
6555025779
6621003506
7650891149
3718165430
1670173493
758322834
763154079
2127921362
3620039216
3298695532
120288468
6453101088
5939981918
1619322616
3679500834
1747094777
4342979901
644590732
1959075136
2987161121
7073845988
391205338
2829299161
7605053159
2910963290
316373809
1050290572
989177175
6501300622
1307353947
5482228216
6799526710
1532181518
5696876458
2344872005
3169451921
6115181324
4716207008
1903027117
2232037407
2483817984
6791943364
575698412
2632029227
5845254134
3987798913
7824861546
5309564539
6191414425
1736835638
6994259825
5389810817
7029326607
3004817746
6253563021
5649289572
3755922453
3953855596
3319787173
4491002399
1942455147
2254063401
3042850108
7052546185
2780738990
6043493274
7744110890
3097415764
5414452773
1839699680
5667461973
661211122
6340657606
6466955789
941395173
1208339766
4154015166
6257189702
3003988896
3051217527
4368469027
505945929
1688982437
3939792857
7428982901
3830857005
960404796
4165025303
5271993964
4931375226
6776661406
5777812480
6411919785
6159371309
3216542639
5044405171
2808851438
4378967578
6676417528
691345026
2217225379
4112693178
978016195
3472900005
3496592636
6577793675
5263966416
5504549445
7317958463
1967616385
3747056302
7828540494
779283621
6693861550
4016387273
3237844522
4801947019
4806517419
2990662242
5479802696
2635544110
1845840037
2294219162
3674460307
7276442972
1618427688
3293756252
4022570510
3947053428
4260378102
4362579035
5258902470
6640252799
316831934
2317938406
3851985793
2673221250
4046214436
7142421215
2127757155
4562966170
5463135570
6032842178
5048277667
2890759029
5710673608
5583993849
7491614427
5621020837
7452633265
2820509104
6755317907
5938487554
5434416959
375481117
5501495850
406384916
4928328160
3817663661
2963417136
6738902596
7432289227
3691608395
1632721466
134196039
5792566129
7436330780
2532388187
1615971232
5085106627
5753825725
5234122184
6090028387
7823452350
2991249611
7608977211
2569045494
6456718422
1410024529
4000087055
5300848414
3313034101
4139216971
356172161
3862392452
6723477964
7345829267
6470901170
1593958839
301917019
6243980183
5673513220
6290378409
1065800844
489630947
1930939587
277612970
5460684934
3664995076
5208246642
3755811063
750809179
3917646369
7773676204
202961887
6429147694
1169983421
7755201852
7721833858
3810724210
3450827778
2986452035
6899778920
842907746
66181484
5497802151
7274584735
1966527015
3780571510
938904432
2849843587
5974421870
7185780311
1460192908
6133661722
5607627341
4602341107
1890599336
2694498850
183909540
7396877764
1064139004
802387649
4993814305
1726127989
4928805806
7668280342
6641997682
3933479206
6345595616
166085774
5814531381
62067913
5599578690
1538961051
5414790564
7306861869
5935668797
3424288359
860759407
3486521222
440003
10757635
1617406770
692032019
6605411866
6386004206
3070034095
7606547125
7851854216
701916949
4127985611
6565865851
361015217
948013513
6147850293
2353782777
2844341851
335434123
1618167948
1094467071
4290285012
7452485256
2020534022
3770104408
3742554098
5495135095
7851880967
6650866703
573662953
3536588222
6834111957
7340127248
469675419
3549726412
3145570226
7409551970
7429414672
3348889813
4697423425
4777875616
5921711184
1335468024
4147323645
3658598007
6742783379
4768534551
3119911371
6485177947
4491302091
6650047155
4121698834
6940903033
3296542370
4610533558
7347526100
4011485438
7835002733
4727864624
2920398611
3681878173
1441078583
4859191253
6530601905
3058385327
3519077295
5926867224
7304601196
996978849
3459949543
322764524
5016962896
35228454
354558080
4116718599
4179627823
1986558372
3120723195
2692877861
6736436887
4736446931
7283399140
3077203850
7350746981
4040442594
4926096460
6188109842
505771451
5846407237
1862941202
2419192203
7225511558
329143899
7836660416
6053086954
2858441052
5783892495
4116587656
977923811
7535715361
7158817774
6658626614
4471788073
6748346154
1008310552
879444754
3636572029
4160594486
4497643206
7179168796
2776134165
3161958872
254747907
6680296633
1067954200
7016374307
6619476088
5313808764
7146777648
3963936368
4732092204
4153100425
580015904
4757666328
4462784881
1155999030
6017898778
484520722
612752011
6076953703
6312263915
1581167734
3053391603
3664205297
3521821570
3471574022
583112918
4986227353
436868105
154639042
1764662300
4846407936
3728453173
6247959920
6677007244
4594223180
165252073
1416362084
6600833178
671452779
1710040256
819731676
1395258194
5551460495
2866093299
7109684493
4904349989
7091962206
5215016566
3510839377
5185848128
4722892849
5525143298
2940706566
6937062787
5831805014
694157254
2732536537
71084611
4413604104
6415462944
6929092919
890043056
4962328753
1997511997
1831474845
5231847471
2604056651
5116700124
1569787556
5416749063
5792908723
6910324099
4716279883
4917147412
6219682829
5593739460
441204138
7064599747
4297001661
4645604997
5406711537
4658666042
2955472890
593600611
2479650770
5614884036
2670540945
3151905442
4466679883
2431069887
7517109801
5591676716
5151288017
2999868225
3543923874
4183261202
4770782722
6995058066
7383194753
3553243681
4246011763
645106663
3812836250
3690399435
798295408
5479514814
3870941746
1219907630
7499397826
1359221318
3530838613
98304670
6963784431
3983053413
2850169908
7572453178
5763053672
7401024901
5670287481
5748313119
1973189747
3627561527
2676080656
1371054515
4008131270
712665376
617159486
6804254184
2393292194
1203301459
3377531164
1782248282
4994292514
596678704
3198174321
7337864609
5034748774
7256267354
4079115064
6286072511
2455349779
3267232193
529853154
3732631618
5824652413
7486994091
2656592775
1358053890
7646392847
4552098053
6249180461
947473342
2221796600
1447435166
2083832546
1476732699
5536748513
3331367781
3052310235
2138419733
4378608261
456943214
4126979821
4547634525
431241061
1910032852
2503226453
4213586018
1376963463
499640561
7508393244
2556429026
1561466432
2070602011
5048048752
360040780
4388165141
1204060640
6092384082
7816112800
7656839581
3011431259
5038072674
3390394967
3658776744
806495488
4348514447
7776715498
4686851205
2989823066
5743142411
1004507889
387003585
124602972
1689840639
7553017858
2418487154
5149016872
7497584095
5199678216
2590571279
3117916047
3966990853
4173724349
2680084251
1948682127
4166944737
3147524122
7523667755
2882039611
3903662517
4261801427
7576219305
6792435905
3835627476
361394693
1928694737
4261666295
207330154
6198667112
2959659587
7655302808
4864215117
6740638814
1441512173
636169808
5731272834
1533125018
7149946460
1691491435
1502452072
7519346140
1098873100
6001844557
435343537
2551045998
6363006020
3962007345
7124278558
4709108577
6051097520
5559543934
1559798286
6686176780
6365501458
123217457
1250907638
10830609
592013979
2612637800
7752174230
6989611006
3864951000
3764296452
1201511948
2067990241
3255541242
4892392225
3815819149
2383811948
1516650572
3038371502
7036273153
1691185262
3476295711
6438132682
1154891859
6425491483
3694108447
3151581364
116147323
4012572189
2079181754
506619582
206704318
3345237257
2774418146
6247237090
2443680877
3728868571
294482404
2381864425
4491700194
6310770887
1193981790
3041702038
3673837356
2574899762
2988162956
2972268646
1985215999
5180330452
657415669
1126007437
928320572
2436749806
223616234
7472092717
2475476453
6328054084
3175958588
1348963015
1750560454
7741932886
4617747954
2956777370
5973753606
5319588819
6644371379
690436406
5892631670
6127991340
2178917355
3969669479
1745737070
2461285033
5014033173
4468731820
3842924549
6305479950
730185758
1468969594
779192004
2710292098
6797055257
3499027702
4447359380
613669224
1188997107
647524518
6735439487
4598016641
5408446576
4101315259
1519008557
6287299422
5618267591
4329843420
1285698311
7803253653
1205618710
2588691853
442131371
2828669846
4224256437
5195257985
5372010111
7457525425
2801107380
1080023363
4457257727
6613472237
2224809984
6824859103
6833207013
965142046
6062747044
4094533016
1095305513
3297431423
7462479327
5342213657
3552630488
2975308794
6399246552
4625599503
4221685135
674316192
2316052727
2630235642
4036275049
6474270980
6451287441
4785749
602738888
3180031641
6753417343
79003541
6298879012
2188568460
6928705552
1180037437
2313978100
6231157920
1927059737
4341123651
946897461
3277142173
1023007375
670136978
2312090731
4467621531
6533967308
3726481059
2531233443
942973137
1631580242
2194846913
1163827376
7793227546
3401836257
4419580871
598173449
1594965634
2299217643
7422849485
1556441667
69742548
2064535359
6341388762
3546548332
1231828131
1705577719
7758511621
3498565045
708114072
2959172414
3179822472
3879318468
3963109036
3174100779
2112396440
556061923
1757488906
178912107
3188245049
4181453046
4484530805
2469504030
154377158
2822816377
6929336265
1716910413
670228314
7420007579
5573423169
4706735578
2947542082
1238081633
6096717716
639648729
7604439020
2566080863
7170969374
6953726695
5329010888
7716295441
695791700
6517608585
6655588232
7403894732
1717601979
1060381970
3340774978
839163208
3051316532
817361849
4065823154
4423418737
4171513098
521080587
1764951475
7109491238
5230249467
7703636140
1787631239
4539956224
574789595
591969190
34958508
6382767883
5237512353
1316399293
5433908152
3774973521
6190325868
6747467599
3820651320
2596624199
5494261954
2447614100
2104305757
2798149253
802004610
5277985847
684102100
7457047160
5739646720
2470132950
4868380631
19164478
7114020859
6522391888
6514272337
480528021
3464709922
2579079183
5895216819
729370814
1924966472
5380604472
6955804191
7823715254
2755801864
7306358510
2598096455
3164808141
3256395279
1099842309
6729209903
3817439543
7066122193
707422302
6981452600
6764734874
2745077021
4387415318
6109757375
1619417501
2148829284
6200031713
3522432420
5076195913
7159817490
44637374
1937918855
4771945534
1291128453
5167777050
656756279
7828236589
3726316300
7781378148
2107952543
1962373031
4321734949
16452930
6062699468
3706547176
6284095205
5243208396
6946323955
3039188348
265465263
1575423029
6426655044
4292314857
2242969086
5141161903
2597952828
5358436222
4788418102
810068287
5745721980
3918636106
7849522655
466876405
7821393037
6424929382
859035923
2986391849
67449788
741189527
1459851263
4529486623
7523772570
5184242437
2624526036
543790377
286936008
4574224644
1112271851
3893180797
3894807381
5772661094
3198096208
7597351270
1746008344
3794972128
7078656789
7468481706
2474795808
7062643899
482680363
7614328242
2449163844
4253884557
4499120173
1661135410
4774114603
5772456473
2319810624
7821370203
7016389280
5172795378
2658991265
2494380702
2910284797
6128043929
3949074247
1495199318
855664468
4383807255
3780155709
2621023403
7406863625
3952080749
3474155796
4178281128
7357215513
4526333917
2333252923
2691921718
919593000
5546558299
2667875489
5447340096
2217380344
872087436
2699343258
3274496588
2273922072
5129259009
6630718391
2129179542
5455402499
6483198140
2931834465
2720577422
4400487780
5457709003
1362803195
2016817866
5061973439
5720835177
4535712526
5421758654
3480400515
2670234716
6091406298
962443530
1018414634
3153674003
6889144373
4072268959
2100954246
5817757024
575577106
4749049425
2036903481
2945801975
232756717
2592917356
926305891
2946037291
6007789676
1218938067
2569075302
7254178002
4174347051
3440340526
5417885151
4861542085
1011784827
622853798
2417300962
5149599075
7566436908
2188863920
6299058290
1083005511
5213777159
102060796
4220962647
720769372
223941167
4187819668
6497722556
2641966922
7391725791
854620660
6962802942
1511041817
727734845
7706369623
2739557122
2014592475
5671138110
2493993347
459042447
6134456779
2369493354
6762277003
2857031059
3061924907
2211457009
141533148
4122186217
221737976
2021830048
6678394830
2224864235
4013222521
798204915
3679121893
5267145171
1902265868
2310923495
7723054041
391314795
6957435682
4990161733
3121082598
7231937821
7366386947
6699650896
1490539825
697089673
1248300369
913179697
5910539846
5901292020
6193236854
668497475
2942766016
681636517
2779725179
3772754173
2981163750
4300839874
6714680587
762395019
102200409
196087746
703355281
4440193816
4094733453
3577377447
740444062
5278080125
3204860729
3624109368
7360954571
1194973206
7650406748
4336185518
4559442706
3323409945
2988046937
5959575739
5408129788
3951972203
7715614343
6472281232
3258422908
6335542415
3400808724
962523311
1232090571
3137239258
6879966348
6332691265
648029566
1033446948
4414070270
1719897754
5494700438
522135383
259023385
1505744795
325828719
4833136813
4934735844
3631039751
4985754326
6813487418
5075070296
4804547128
7766762467
6427658394
1656837441
2565807906
6592644303
4483080210
627256459
2395423853
1714876457
2921153853
1864694357
6153777516
4759957507
7235079826
5803315555
5755797975
5605694726
2491908119
543185838
1542023190
6481780888
4331389698
6103104297
7618986116
4205563742
865180234
2902138227
2288142129
2773826160
5912138604
4199799962
2468320915
3571755716
7017858371
6642792128
1970782441
5273416420
6174147445
4810060263
2065419342
2898067332
5241152309
4690123994
623970511
7618838123
31569169
3500661751
7223725405
3882340313
2216313751
158058663
7034877
5078561376
3394193655
3657660062
12540667
136107148
5824583838
7706119036
1191730345
5844734334
4724070449
3328758851
3481051771
386323958
4496896010
7189095614
104302530
5769425260
537231132
2872003501
6744933911
960494677
4385319737
7176843903
5782095978
4336687849
3030478865
7143890655
7433131663
7646448226
6248457783
976568465
4651611015
67506257
5460847367
7796338724
6114196665
4250199684
3982178622
6532361579
5944399266
929706953
2447051258
7734173740
6039358462
5389694038
3091154535
3955184278
7129972917
6946924199
2914029730
2282398931
3445895700
618869050
7306624916
2423753443
4517570960
5340011313
5300296741
6485925516
2067215713
7613301084
2574738950
7512169202
5645151527
772273217
2308195654
5130560954
700724495
6609655141
2821089020
1493142102
246100158
7750241475
1692009249
6194690696
1270751499
1719767753
1054302083
7024313292
307754291
5772032012
3798356883
5615855366
2963623963
5807613729
2510755618
920817566
2504914230
2569456371
4312758413
614308838
1070586942
7224805752
1872720175
6980628057
2953908964
6893644122
6864521159
3385135594
6528751772
1733822195
107392436
2914251265
1097873145
2139771852
4987869835
5810027238
2869376336
6549955086
129656030
5910907431
6435115387
3815007022
6436358399
6812435662
1771641961
6716585773
7617571517
15225331
4166410764
2128473008
7555888344
6049158973
828767396
3858745
7766367354
7284577055
5245722995
7127622500
4084473027
645778183
6946256944
5806484816
7178733930
7575819445
876987220
695794149
276402965
2120204775
7042798960
6854293936
4116180384
3005402387
3569386373
3443342457
2552116274
6622573244
3784472389
859206751
5699292116
643919525
7741001165
6210424053
1074336152
1229144665
5982549385
1483122280
6996330445
2965656555
5770181984
5293885903
2679264188
2336586804
623598399
6982311469
1048285747
2074949412
1667258245
3124126606
4403825948
6801388279
1406512713
197911665
5417648187
3798024405
6781172856
3069415862
1207965561
96903229
5902657038
7471927740
2902920831
7441209443
560414254
2689708821
5234247517
355849179
4418850727
4975875678
2697936701
2950036787
6285027106
1797623645
3904090968
3399691396
2143031780
1567367461
1009948185
1866272149
3088328087
2729570963
7066056936
2190126666
6509336918
2203138023
5959685738
88744170
4201809300
5758642805
614760181
697716944
122972689
2406483734
2599958222
4309180608
2233731525
3566760606
1134859438
1519832878
732184518
1306000024
2561633265
1515535802
2613719779
4894723834
4820188726
3185249318
2134181573
6737800350
318288048
265034992
760416317
2036420817
473927094
3382802612
7651262131
3009665056
2306021566
6729098275
6524069057
3717568549
4322507849
3124375117
2127718160
2617392805
7133791139
2561135947
3504963864
588382044
5323021740
5054839749
5010325687
5101702488
6132662095
3238564499
1977448673
4335841430
4707536755
7073892485
6628467575
7024775830
4574526689
4614646128
2411166684
1062262749
5402749168
2430861569
5649337651
1197155465
7165820290
4423062265
1077131929
1396926885
5461406258
6958217132
1766769724
4928272846
957976980
3975170770
7604294538
3127322640
5347861812
5250581227
3726806997
2499869663
6739164395
1345613215
5874847917
6018187475
1768654198
1686624649
492698259
68365061
5028211310
637460761
6917469782
3384570655
162285073
1959056672
1567482366
4209895941
1717577587
3756370581
5463393740
830343390
1417542236
6660059980
213109648
39033673
5127170494
953314452
6934822387
5821647832
4356322852
4424148931
4373336258
4625385602
3817904276
7002602565
7424695840
6639518580
1176615158
2318332121
187091524
3230729653
1872677500
7589748885
5075299030
1239526906
1887260388
2128102108
7627140008
4918967487
1797222655
666667257
4282467858
6407107724
824385109
4797516880
7841966870
6735194480
2538725687
1821993735
6507348306
636155141
1621441737
5986103011
4341814645
1542295303
6356476290
2814496444
1155415230
6306576474
6332074847
6633419382
1103833971
4378235905
4900476916
441831060
2064635270
3534787730
4208595152
4968024824
6308163344
6716319781
1545071291
2743064539
819586518
4242311614
2688656828
2386069063
443596241
1314843565
5266420185
4214864437
2276780716
3501774042
2744488096
2706412024
1098276411
6637611310
3355158340
2901859052
1307068877
4487373145
5817878062
6927703586
6393782224
3700970838
4914135189
5601831476
1979246578
3522949390
7388438228
7321808597
2691552774
6076666939
367480639
4914820022
4326686998
2130457381
7417874595
4608850534
105481817
6567020538
7723438969
669375447
1619158701
5578211943
1795105389
1461259815
2927857439
1211925648
2824903452
5634317175
5402867034
2101650512
1551461730
3072401753
1619990671
5188860005
2741204635
2996619509
1381239654
4824842154
226207016
5155922275
2600506524
5143986593
80206220
1555531897
7848343175
6033643418
3894084275
22060726
1909255426
198966682
1066070879
1218600166
1743876863
37722366
1535784094
2077934318
7544576069
3454065864
5038503271
7138557497
3885146446
3694496856
4296231152
5531393115
3537066339
4607252542
7214712336
6791165490
7643615910
1217645303
6599553803
2320772431
5421919262
2924325744
7588891198
7580177124
4908681079
569645547
5695600263
923049871
5374049439
3403365213
5908614628
1381428311
4891005365
2735019166
5556337826
2695393205
1529741750
5028147878
2495371392
5047456482
1962298499
6065840179
6842302392
6731924527
3053066023
4554003978
2394265972
4447597144
196150076
6831019618
5064471980
823060814
2778837744
7538882321
5603009575
3155275012
5758340746
2930715635
2241587133
2934137202
4038066593
6795625488
6254812354
1420316665
7505188907
3586801562
6621516167
2991090276
5673543892
7306025259
4933136375
3160338191
5773665242
1574089177
4876141039
5510418434
546487039
7208655559
1678305682
6516908972
1322446997
29031145
584510542
1633162469
7202847317
6421690417
1091418667
4893518378
7540818162
7286088270
5995658028
2612255802
7555110129
4659225457
6307916466
6878470748
3598120099
7571665235
5323560495
1388805331
3493825852
6160369286
6377617218
2044367909
5085486260
4300020953
5242601522
341410933
6762385552
5578562052
1684052126
119339846
4804291168
2607876732
5991191617
1354718408
2696334798
5863281245
542431808
4711959897
7368597123
6681850126
2136470516
1007241699
2492387777
4319061106
2626211769
4803418504
1088596414
112042636
7227249403
6640082852
6286263402
5833996333
7275615075
5008015603
5879953104
3146579767
4609364003
3067451867
7134445959
3112318646
5608207114
4659654553
6221807796
6479511630
3540279327
5434157131
5665915029
2630720545
2667944858
5674684043
6894417586
7301901370
1141396633
3489997507
4226608365
1069626331
3787286871
4123435337
4405829136
3307184084
7578686219
5551860373
3135631967
4741641059
22815174
786825385
745049621
2820473331
3681133051
1696745040
4399435349
89112229
1174307133
1085376058
6317718582
6578772028
1937136551
3328230290
7556203475
3481636687
5243403769
614868771
6475222361
2320586421
6834590633
6409317584
799504944
6391749647
7831167587
561736504
5913610285
7440880896
2508985247
4612517098
1042523993
2538860609
6033374596
5412943927
1199612193
5075354911
1371899171
5668088585
1519299956
4577517500
7310994092
7072162359
3290128246
6863278552
4282393813
6905077995
3445964916
7799461463
4900222533
5002488593
1120752273
886103436
7227567724
1973812474
3015447630
5113832330
616710460
553947413
3384898489
5510551078
6703511001
795518854
321377871
676222839
7146820136
3947314034
2223195992
2601843931
6248811335
7762285453
2704517903
1417701200
1256056139
6988651342
7039637850
1612135617
1742965003
7332153278
327205910
3173073228
151400631
7606178680
331349794
2711344751
4392510271
1945735555
2386545066
5910245627
5242258002
2451380891
4141017018
657695523
4535596625
7082774428
5343891202
7543682133
272539146
4317639881
7269592489
2234343350
3247093322
1485061846
7362866656
677999700
7799676392
7565351193
681798881
5664814429
345536741
6845830075
490970731
4380119593
7032390888
7195254573
2523366425
4192876241
195721333
2966466960
7658669735
380036670
7585852722
6288171522
3196759828
1578777108
4741444143
4913581427
1688248511
5177054564
4937287017
3532654697
5854902208
2446692009
2147771063
1836019860
2975284711
4685630406
824604324
4884108865
1831070174
5592892201
5159615160
7015843981
1926585418
791028267
1884938875
4824305735
258731278
1492723313
3757845347
5910080396
2755203782
1156790226
321973144
537538777
6059930414
7664401476
5662880101
7351590176
1849578015
356692113
3935952515
3371026072
846129380
200304051
4437551932
5232702290
993170955
2109469670
5013494470
4137780283
5982130858
1427763575
7307791688
7772161378
1549348213
4633258581
2764787707
1584432649
6940497367
6805230246
151685027
7766468433
453575489
1125499468
4028077700
6489308445
6383302506
776474944
5337437081
6014455248
5698368976
4997794853
4836983457
5284203877
1689913640
3913835813
5472146415
5792170576
5980672502
5404778127
3843656107
644603772
7148755001
7543830310
4623170565
3681008460
6742862346
4181511142
5624986571
3107385749
1644938069
2413083250
837529915
7327363448
5931634292
4443523349
7086084449
432171323
3552479505
116622550
5874349164
733393237
5132737439
6222574627
2686104671
3265047521
2921023782
2877229498
4819607617
2876928858
1625408571
5182653464
5532596428
6370699999
4684864885
6328860992
1109878801
224555439
1829436717
6478449629
6612991046
2678747475
1119354881
280701585
3071085681
3718787790
7195367930
291702108
4592338737
5358428173
5564063050
4192669454
2754505346
774070917
5794235318
2881979284
1953017296
6150531683
63223002
1445318795
326761826
2401434322
6669329082
6303945056
7259982027
3985614604
6722976088
1815028073
4238389132
6241596124
5646899313
1974095622
4180130364
2381133296
6791290699
5671995086
4185855477
1542300653
5237093075
64374944
4680085610
4657859510
456746000
5627870765
5378987020
5322793986
446650430
7431314946
2940488788
5302455526
4108005848
2673625725
5328154144
3056818304
7071719525
3488912674
57339955
1110779883
5556777762
2404872801
378338215
4540790550
2588721704
1769041205
6336187374
636374861
5831882198
3803060243
1252383946
5520816492
7661213011
7780893351
1800386662
69969848
1513971104
456145770
6665366649
5513996591
6834382233
6047860274
5670248321
2808704561
4907407698
3812599515
589316409
7732050303
5393687707
6091597821
1319765053
4917298967
2542404802
1708066460
4501335010
2873542406
949900593
6129769775
4376359138
5001846062
466676539
2015035748
313663449
3942333678
2357177715
7538636472
4551015570
5467419279
5340852986
3548823269
5513597412
2633817448
2306255039
7244215335
5309299340
6207679601
2717607972
6782280455
794077277
4019800577
7719413552
2719512297
3378543282
4715505480
2586855426
6973163975
6230336390
1746977901
4146198479
3489397126
4587968528
933436739
3945674028
2505543774
5128738165
1515168828
7685710094
3863940236
5626810933
920925177
7058056776
4903380207
5878021783
3901886695
2917208790
6108427265
2494143774
3957460410
7707193093
7480474430
843048009
5680760663
202955491
1132248810
1113776341
3109276470
4781847950
4057229765
872488351
6510180464
1067160953
7346029669
6223758328
1905927393
6331661162
2853054518
3210145958
1372500522
6732601532
14681364
2424264604
3250914719
3486107157
5110458709
5918115811
724528043
6447246101
6555832573
2725416090
4250528549
3846078776
7837270891
640281627
6644355493
4956313399
3924382885
7625254627
4793006837
5765971640
355115211
6821054168
4980865103
7720560092
3867939427
1152178473
3207480592
5137006749
1180614341
7580645526
1882980869
4402594178
2298769045
2817574894
844752438
858576471
7668022900
574945303
5986836733
12608580
1477857133
6866557606
1058915343
6595574056
283962699
4793486165
494610205
4201445956
6271045424
7671392371
3149404004
2167758200
7480525343
923998954
3843970451
5688914777
6477268881
4456621721
5172179136
2172782976
2146126149
4180644941
365543454
4337820453
7679240145
3257356365
7415828682
6878867046
2259975401
7273178225
209429920
856572600
2831434370
2128119432
7181998414
1213562761
2007529588
6937989453
6776958892
4909874483
1494290174
2739578602
2047523936
4239955744
7829380507
5789027207
3723264308
936796194
5018751043
2819464432
3466440553
5115934433
880595252
4400208712
2577325996
3796824189
4429394469
701436768
5330806497
338565518
7534977118
7090326435
4222243071
429226639
4094122173
56283261
1814117309
148450908
7138677186
2144263978
3029731106
1820083118
2846629085
3298841375
4373883749
4672199285
654828430
898737963
2766310861
782842071
4865397906
3664285438
1747871723
4435397945
1902815524
2796160187
855106562
3054501753
6302119532
4494496121
6677981582
7802060523
6131677880
6282115535
4600033204
5339299029
2430703963
2593770318
6285525228
1796134635
7046178438
370885727
182507556
6494468074
5652689536
5755054994
4392263645
2725307811
6483869907
6283705135
3007351542
6940038281
459169571
7778192625
6426910529
5208314706
7127568847
84256430
3024117534
2169268542
6492296956
6134927828
7261848695
5830379626
5847407378
7449595124
6750981657
507721084
5036073171
6529065281
2851136863
5144336832
7598285021
436356238
4794224531
6028239799
6647849915
6600417266
5795336480
1651028667
4974025090
784624783
1120574121
520466608
6190499159
6350974311
3031318722
7551106420
4306011367
4242761078
6844269800
6005519872
398995608
4541007079
3820939853
6659793748
4137196076
3804280436
6134460586
203834214
4543812212
7502003280
6167100051
5741304255
7542288217
3343279302
2593338771
614013405
7478007819
811900416
5042785954
7401877312
4695567828
192415447
4089775390
5710446051
7618066951
3328930475
6884285274
6655456949
6938416771
989131918
4712958178
1303347810
7251578735
3459615472
589708230
1153784410
7484453294
5232833138
6139177495
3563415429
5727290790
2146749143
4835063187
4070808470
243897981
7143533901
1818536242
6174711878
5540178156
2590882459
250750522
5062643140
4505244211
7257316476
4674996376
4882152931
3296927711
1738603562
7106879891
5674485605
3599324794
2111909192
2598666861
5554974414
7302605040
2627020212
1632249415
4802155381
4414669361
2966635549
6134321604
7676210526
4291701189
4920637552
5341919322
2699097440
6159163614
3440818127
2077977187
5644464364
7423733302
5012432109
1113938465
307115178
7184431520
5356461104
665390820
803641826
1914140188
6233934206
1323818180
3532456331
1835851267
2187381544
2072348482
3382990942
3356146644
5339410403
7713011122
6817848689
7246766205
7588697040
6009137063
3386322311
536095284
1579584701
6009721096
1291713698
1724857961
5901357079
7470986214
6729964550
5917737128
6934844968
3668245603
5694212488
7117652464
2525959303
2573585641
169271798
5381881802
4475839490
5812219476
7843779329
4561786894
1750259007
3985542294
2319210767
5218171340
3913812185
6289123822
6233878667
4817321729
1341586591
7494986151
152422332
5627919723
7239035269
5346181104
4393909979
3624136180
6057434862
6341188009
3366803808
744719221
3266049408
7743215782
6602159306
4648078912
2930105254
3538036592
6946086437
5732011995
4829106141
5355838143
3591921459
6741600541
1082657133
5955828141
7313560394
4991237710
6798108566
2165706215
1606284596
2759820159
1362074479
174550559
5440434991
3141463412
53884680
6157592503
6606756812
93106461
4929494972
6081041277
7345217190
617879563
5154029041
4891981572
353307994
6603822387
3416617127
3780155826
2063911941
2570165898
5577842393
5434055737
3097097602
2707353784
6266680652
5729228615
6040628182
2202285378
6521378244
2706954905
4235308890
5118009025
4592507689
774303390
2551144853
2541267868
47548642
7460321518
4276903608
5024044253
6268072647
5666058256
5042559526
6040174632
7700545420
4866895767
5643543819
505100253
3161701519
6647848415
6549843098
2458875158
5744068499
1693884072
1847040148
4653924258
1931302493
2878012533
2009103321
7634876495
3946124703
5527165331
5752251993
7347859790
3912638583
1245585876
1754254103
1124350178
3326638397
3602217682
7013846445
6750401783
7853923303
7372873343
7755741939
475968157
5409540671
1060691978
7482861895
4182067198
7745354172
1390854580
1165847283
6199514744
3834009923
4843027038
6554017134
4930475651
880343243
5085215744
907757806
555208233
1824600135
7034453592
3089878204
3629019448
2744513100
2474893681
2077839166
5888180026
573326644
1957326762
5897725278
7491123203
5582929534
423765772
5709282066
6432510456
1957984989
1367791685
4789812593
6443966428
5443275860
6519086424
625469457
6553281679
4153370204
2010901809
1792073713
7414178663
23436537
4850549559
5537559055
1051954782
3804559217
4206829503
4172760547
3633029767
6658978055
4563172934
4863780099
4238215759
7795021670
5475239571
7717784531
2778786458
5250933323
6203688038
4554889627
6758934929
1146711839
1075475335
2865563976
2830050259
266893202
7637827896
2832191375
497129633
6006900855
1876640697
5199536351
7761272519
3122615225
4423592164
7242531853
372285922
3374353567
2519726560
7425541360
2954092988
3984899714
6635441852
1507936672
2950794512
6164418721
2864058768
5131041672
6419226470
433405189
3888487827
5110588926
6004558536
5025814290
605199642
6424049105
3115315550
2618350550
3126870016
7125540633
6939590013
996960855
4832939270
4172510481
4084904503
3133061362
3718412159
1673995962
560926677
4037935553
7678360179
1593869941
7472972456
6712396421
4093615023
4102262413
5880943018
3503251848
659565766
1635607212
6128170960
5044642806
7741997172
1391827876
2389120458
2584230714
1939981320
3799673519
6677175068
332863852
5485386787
2117533580
5650764308
3940564217
571805878
6456848929
7101037215
6549476457
7809344223
4622856146
1190240366
5464450435
1361350239
5410339892
2356871743
668865348
481080219
1869974229
832496914
6397668657
883402488
3470144461
7535348087
2703074599
7612936711
3271007503
3107178082
1460739364
6940445490
6558551548
1448114603
195496506
7444136202
911292335
5646244114
5793562407
6260787991
6238372845
6897356523
3092327615
2660096311
4157197499
4999489121
5885987974
3088550638
1385531784
6535412389
6307890581
5132012870
5710993945
3598886210
5529042884
2032117865
2143702521
126792973
212759662
3900604538
54707769
2258912991
1717042505
5059460161
61277679
1942185673
2623526221
5899161794
5727785981
5193366129
1467302992
4785485909
766909508
2052378884
256815543
6554072708
347889937
810052546
6759748361
72242690
4003469248
6391770068
4151281419
1343283990
5757005368
814429965
6699680611
7295067535
7612915152
174336165
1238909110
7675617544
3981120287
1777223926
5756456785
443589512
5735753862
2220067015
462136353
6715386953
1707713586
1675581153
47477133
114286041
7581787039
7276187861
737129430
3103874464
4863836738
4378591735
2176407117
6978751974
4153790275
209330214
591951553
7169131066
1212702815
5586807129
3537692158
2511251574
6524943827
6297176019
5407209806
3875530098
5724405517
3046426133
569224826
4970668456
6281005135
1080479373
4811469326
5460806932
6835596717
5712221218
5520558705
1900516849
3993574702
1213688
3367196848
5895984798
4796797200
152033747
6465491886
4027345850
3650076150
5413919774
7102002782
4292756535
7047116164
2403540011
7114443168
1639808428
6955599826
2205991063
6737041836
5952504374
2113777109
3301483786
6529287697
6059138851
1483701062
7028124583
499465534
2136034323
538446631
3529114397
4760198000
4558554799
5197397977
6036514817
5705432087
4270505771
3414541185
4233717522
6606951691
555022250
353365106
4977236576
7116960428
1793575703
1921843155
1947334028
3206653225
3492136439
1880740162
4204147888
6204198163
827039654
4298869353
1073708565
623194604
6180420584
2352127600
474207740
3534137160
4472111010
646590656
567229075
7032082524
4089813791
7320105039
3907258731
6758749260
2181789802
1107094080
3300014336
5088187890
2829053554
5486556460
1476978337
5697165257
1961150305
6559865827
4775421715
657461548
1450922887
6756316310
5419360135
6190558928
7460746612
4419797353
5500669817
3025041202
2551863067
237514498
1870928008
5898957854
4082875144
2961050179
1369828987
1386718405
4548125358
3504614461
6175862654
321071012
7639581488
5522470401
2280332061
7313538274
5613325378
3144523477
15811933
1570206250
5681771195
4082762183
3626110685
502071462
7098804536
519271019
7540244000
4562019262
2207147668
2058139300
7627932831
7644789092
921288076
1893332136
6669224804
4154123803
4777770553
4687129251
1585782193
836234974
7156381086
7660476190
6623271757
4742063343
6455722022
4532553060
2848357118
3995769602
5314847254
1973471446
5613655822
6173584293
7690458646
5293187259
7219059083
6001133949
3127691552
3720830341
1594260618
5025490256
6776772450
6838759832
5532242520
7287976190
3723025514
542380170
6120485564
3743213796
1376717316
6572158955
5177827334
481384423
6513662551
2218488397
7152740091
1390836203
165980983
6767243850
4748832296
1758480366
6178864570
5339561836
3174600565
489114332
426538505
6521253944
6869801762
3832609792
503630548
509606505
3347623903
6082471693
5019183815
6280196574
6205134569
3217139401
3853832302
4684698021
1211652894
6202576802
6348022460
7151036288
4615957938
3646762004
3937333008
1852085296
5587564696
4921726864
4117068137
6758203930
3959611963
3098132403
5740526385
2822372945
4776207647
5787002131
7529968895
6682485539
994677734
556916421
5487337915
1785515133
6425743821
2919753764
7043539935
6177457364
6521895344
7782171356
2625370874
3293485702
6434580329
4533506190
1215379987
5372116080
1477222169
1428584103
5345128117
7249518973
737718946
2255390468
248468219
3284302634
3625957579
2726565143
5985072401
4462604614
4500538203
3325485310
385657535
6551030378
6273158119
1958491418
7082443956
2626057787
3597221005
1429347313
4817252761
905548855
6542280454
1948528108
5239464026
7048038138
920145044
1771981252
1120873972
4054417855
6566838987
1855753234
4578302987
507078229
6850467533
4927429204
3361444642
100695545
36116878
4368234336
5582875897
1835827463
7534511751
2303959134
36093278
2741487634
4902094647
1843968086
108216462
2345391594
12139343
6491505336
1583008574
5729869121
3970381232
1194242968
5894393669
1726789374
5122156679
2466527858
2466105451
6986967329
828677811
4078436905
7501033497
5887111449
5818074832
4998773115
268688118
4945445615
6701936119
2485715024
5182054580
2175348607
1869304200
2029335637
5309633344
5704365459
3131179298
6935685130
6184575866
6676034143
1651387915
3220377532
2717391488
2225492329
2878990823
3582366741
2409428397
4664702341
5082245497
2653632939
1805606769
2927880839
3066396956
7229877134
6304633055
6733379853
5057220737
6635309793
7285419379
3897985462
1431505423
1760835607
7058736772
3599057194
6319571930
6668898961
7368887490
624653060
6149550575
1471524941
3997079651
3652760637
6054831161
4008532724
4100565494
2261373308
4717693335
896844387
1240537081
5797359971
3544686378
7456289107
5979451707
6686255137
3951848640
1297328055
1087764714
3523401978
2586377892
3552506422
4269391297
765772053
2741607920
439267815
3474939349
7316772857
5011800540
7363025505
6403345087
2169949432
1010655068
605531358
3282048557
677530295
392198714
3005254595
7638864533
537515201
7426960855
3138311662
7063469467
4270729865
4357119980
3275951479
6914137680
4880842977
3061074267
5133548262
2654462095
1960426893
6332561669
1465132049
383300676
66812150
1675411856
2119984066
3519695187
7567251457
3122311897
1988338332
5054992389
2295666442
3586230549
7563628762
5440293250
7697989130
3162125964
7678310256
5761116747
4084398002
2062877926
1519208534
3292768646
1249322847
7045566675
2764918271
577400879
2321809017
3318446429
3267577474
6137115663
5729410396
7500436543
58463232
5507380289
7446971053
3140738808
509372829
2620148219
4634739226
930958744
3496883522
7225103080
6510262356
1702447595
1434544187
4236017610
600102912
3612553503
243034837
5200640494
2443501788
5202791366
4880406034
2734068367
5359633229
480091364
2255855524
7169210129
3995985977
6342706313
4001743176
1177427191
3943854657
5936551399
2001591442
3019062606
1388340245
7448734510
218816593
6804204065
1283727252
4624633379
834289931
6387884111
240153816
1870802334
497502452
4812327252
4835918550
4527481998
7734676839
6421203925
7781316756
3523308889
2580034462
1914275896
6741123663
2428311819
544958185
1060180174
584357311
4643749453
6812598715
2954508105
1330396099
3128517354
815340193
4035486212
6992285845
4887400337
482048535
2288672189
1192335214
5661984444
4535531678
6563574112
7674452156
2683158382
1088039825
948332323
2630874243
5144933838
4340189728
1761599258
6491960589
33304492
802170602
4470418561
6386548207
5354352819
1686824110
7276170261
2153235761
3119561040
1686747723
3656138617
2756940477
7439908468
768520593
5368965741
6507060532
4227672846
3663641627
5208140076
3357914385
1386302999
5573367577
3742870732
7455319839
1660840235
6292564168
3355280053
4196869723
4156306517
557402102
1168885082
4431894873
7327235918
1590485089
5952383024
7181600050
2209929382
6974444523
6426470295
2732275806
6805267854
1604320625
7157777181
1232599080
843455588
5066400962
168673006
3725026437
4500659960
6161719081
1540152553
1413538426
1348836340
4032623941
2151311248
6430425104
6284109894
3808333964
2987460287
5049571209
182347022
1374941977
7521992609
4162510074
3037815426
2853272257
432031042
3637016990
1652608754
2438129553
490468216
3915049294
1598322446
4407783498
1583406057
200183960
5834816992
7349280284
3374526666
1945002327
6925704770
7070825387
6682459247
5698051834
3082189514
6612239189
5500586904
5019433305
7403558976
4318928422
1327891304
6692127033
142653189
1117985574
7834468189
3847450868
576207432
5604843463
6336445528
7603852401
4591860593
4314823705
3134125830
6812860600
3395870366
793637362
508670807
3616581549
4743859187
6870265732
5695445409
7348062772
4021129677
6523623061
3441747137
6081411596
7511524110
1294743557
681211496
103571040
1272643173
643642538
6546345944
811014152
6089929225
7744944702
2177999806
6352367338
6744883942
7813860974
2138289741
2652699802
1396527428
2029155162
5227344530
3366827418
7560497527
2498858612
6457087224
1152452090
6830746965
6643305731
3557195095
6018944845
2642686992
597056451
6019331565
1089612346
3167463580
5505661170
7620817234
797299906
4028105524
382309178
4004349889
4833544893
3815028317
5630020463
1191352666
246348777
3853015833
3392797127
7304996706
498922768
4324912745
4882417211
632407710
5519477791
1922279713
360244689
3578345771
4345480027
7621343319
5134072704
3152703439
4105046949
2681071053
5576761827
7354251450
7506753606
2859044102
2416308143
3451933423
3256440310
3818704870
5336960292
360299265
3022643701
2593312869
7620800409
6918195665
6313088695
3834684050
6293430434
6720460112
7172974374
5421241010
6846565284
1306440700
302659352
2946319763
7542923547
5359022866
1652213773
4979453042
1333573128
5828379928
1995933628
1775722202
3725596404
5222072828
609476229
1201405166
5110762988
3044179988
432283555
2312699082
7680936589
3213763382
5491042210
1742723631
2987235996
6632488175
4573739851
1352985179
4774056611
260416375
1151730049
4381636666
1653551788
2878299363
1355976296
5523595839
5701406755
699408275
1803953343
4134698243
6125414043
3863886628
6615363107
5592260364
3609061996
2451786169
7807230656
2570217841
3747093856
2342744086
1305203191
7502833377
6135184323
6253483101
6130067815
6566418322
2383984631
4019560713
5198312452
849880108
5945486959
5847288344
107136248
636641865
5866757962
7366559074
3891766542
7515469770
5035071975
2761593946
3715794236
2711859197
5531219218
5679754157
4007210076
5109363543
7494361074
618311212
5130670059
1773823211
5906725584
1276026731
762525711
5029148311
1725375328
1883671925
167167722
4315578835
7679028779
608368369
531212405
4785570539
3814401251
111772363
6385655148
1971605837
2789555560
2854280786
7574530958
3141325329
7703999297
5604739381
685216048
1309654648
4262330583
4072507106
3006868746
2780098722
4180871986
3742464975
1237008560
7561927560
1025285263
2567039967
867661803
1599914401
7309362777
6775707708
4707692438
5429373970
211078577
4787942690
821103456
2648354422
917350188
6049266260
6647558093
791727531
1059871085
7419277316
1628499524
396547640
6005565338
5303627579
4029222118
4638429270
6175636462
5396471258
2105870816
2997067541
6594207310
3601376617
4641972287
7375936246
173493633
3620380751
2925569740
3456450600
5080654515
3352101222
5740527117
1138384148
4265952654
1003728246
3564073538
2803547049
583182425
6177484904
931939065
1744708247
4626094889
1545712926
6569725701
4103828939
3340644652
6010787568
7039200228
6412600283
4144357631
3606503775
7820538217
2615252734
542891008
5197697141
391189579
7582259561
4142047866
7174068619
5250837630
1826402685
4188336601
4228250012
5380550434
4381022649
7529555763
1874121983
5132808118
6634206823
4036961463
4840840262
2966502661
973778639
2279167971
1293118670
7758034893
3379291254
2581808309
7047519881
4731170848
7223133080
4809950296
4499279740
3708167997
4235697851
787223478
6690571763
4894756139
3944482103
6612612245
2764933547
2815988040
1962040674
5626142878
3775153586
5619391096
5204664435
1511582526
5605647093
1232497090
6009705306
6144797866
2225566291
7612898254
4856342557
297526369
3375739369
5868461815
1474256835
2666025913
3271754169
63088133
4068354235
388320530
3651324454
894501722
1140676226
7528939149
2169470105
4795112864
2741328409
4718467853
7724431334
3084882176
1551605996
3765486117
7271019717
7692579161
6569223303
662268055
1591439238
3132269002
5407944258
2220381215
202153356
3855614148
1630326373
1472028033
6774178078
1610645135
2471026775
6735268805
5938484121
5019574399
3020923302
5736232378
2500049670
486824361
7019103049
655684966
7183389375
3043985588
1854725714
3054654656
6061718356
3213770149
7039402213
5601183729
5712714483
3985290385
2045485918
2303973699
197180171
120468811
2173556521
1992011611
5100727807
1141566758
5923917030
2585109734
4499971024
1719690883
7048745091
7036468216
5808850178
224953258
605178328
7318562564
4696886693
6330622639
1959823544
5211768102
5295321795
7082635688
833899979
5925911479
5365207138
4598307006
1838258198
5703388594
1270514811
5575390106
7713956594
4366418665
4866852855
1778176029
1985489767
4433173685
3602384965
3405557060
2803645496
7744590967
2074636717
6828257693
3015551856
7099292708
4185820599
1351616220
2231404688
3119455664
2030352728
5936804643
4391880794
4353063489
6887635541
3603142782
5526128628
4752144570
7474986997
2342392356
7780230985
5708065920
2527029214
4000503436
1757915515
3331878522
4644763823
7646976107
2984419756
7754761958
5669010213
1801914058
383584942
6260252933
1915183433
2241599245
6755380780
4989233685
7555869214
7517482730
592831831
3579134647
1864506607
6542991348
2032086441
7413476882
179826590
172008246
313404046
5311702796
243907428
3865219650
5320159426
1516855397
4817182919
16260930
3095269155
3315076469
4564336391
6028283898
7440400833
3440281823
2744002221
5021062203
4642913552
1244089910
2613486966
3994821023
4376681156
2178382936
1777900744
2933896254
1601020184
7573597310
233552134
3537789373
7473980249
1891489061
5540783416
4359946529
3988502301
3421281059
1335371842
616661592
6457632473
3583780117
7077330032
2138724711
4909625939
893691824
1219664008
643419534
5940835709
944502325
1195566473
2501168155
7297650814
2341197533
4408990845
7043114615
4264744083
5989516521
4745700933
270108768
6656976372
7548418252
1830082620
308504239
5436736083
7267297860
3162606564
3706407869
6486889303
3224681852
7749609374
83116806
7480015275
4907635309
7133554429
1488042595
4374923289
3978302674
7485229663
3238575583
4944810590
7766357063
768325300
6419142953
3741105322
1110266266
2913101278
531619084
7203768454
4143526494
6461923521
4242225359
7441497006
737460447
5853213305
4709211256
2542667841
1626681408
7295011685
2021596501
1855696289
6146677696
1567956859
1084343628
1158151425
3463620522
2362217467
3697581379
1711964101
4849463948
2209545050
4275409325
2583227554
1246852422
6004233885
6037095293
5870309697
2656152599
2015078620
6974667721
1573207912
3600054190
4800186861
2054895584
3209102255
5713986901
5684199959
405745916
7152697658
5650544924
5685607981
4750266497
3525380467
2126862847
538140835
6106747087
3624241519
7027810940
4470942550
5158765735
4313363698
3782196682
7318888584
4826229988
5961929771
3628327833
7537327501
6201679206
2033204053
2856967240
7122253741
2819622873
7836989473
1365833248
7358812477
5023616643
4524736444
2851867297
2249630907
7827165005
2615390732
1767153273
3792402494
6108104842
1298219517
4126055941
5922987974
2228577195
2386024899
7435834238
675387817
1757862793
3636515805
3743229916
4662531342
2856276951
6339514041
2933327775
7009848332
507472056
4568204348
1778947494
701369955
78296517
962281224
706807991
6334967225
4393669963
6169493107
1729989543
1528964550
3360918978
4261508171
7595681512
87571181
301244137
1884479464
3790613214
6106552247
5794211508
7770646078
1366560457
798724958
1041402279
1909939505
7046211523
6525629641
3584043784
4961554188
6958688314
3890819364
6451858586
2140201322
4451381286
7294073766
6513175066
6544500155
661463698
5134493947
324246460
4826679107
506730936
6009629140
7638235189
2923962950
2092977045
1546721403
3401950965
5487849779
6186134065
3042390460
7438278354
3335835177
3740220853
3834997278
7617066070
4112048141
4542040674
3858494571
4635887389
5383226211
5590965882
3192157912
7161689454
2740588038
2404721468
1371779106
5907993855
2341643615
2472168728
5632643373
2969599556
7045192126
2912022107
50486212
6968670588
7282048412
320021187
2421831733
1395638050
4716167371
4693136728
1220596891
4933468002
1135264172
3758899618
4671505673
3970969286
2730391311
702367917
3102939134
3595015755
3545480376
6771139872
2298431251
6984846814
6973601570
6352687668
5749221558
7105443107
4578393376
5675875574
7766644039
3649511277
5110362993
4424007055
4979332610
6627931559
4641585985
3963071592
4281845389
2479924634
2884819580
4236088485
4091805725
2656060339
4906328536
7237912256
5349080522
7561971026
7684270302
6053824203
1951623227
5109029115
5218177857
7702996830
1440923954
3254153079
5284395518
4183352176
4219929267
1119971884
5728862785
2068192546
7466099171
7049519421
6140005229
6640454379
2935182872
7239515397
1735719262
7427569301
5645486742
246215770
5142763391
378213754
6974811153
4862239661
3407904317
1575747594
5425634279
98928683
3994735830
4745449045
7652611818
2432454578
5473489875
2791052238
3911575595
1557724990
194029781
524088832
5552353256
3930401566
1591499422
333226492
5863541361
1884513589
3575249591
6045837655
4775471274
3160590855
2150089116
7260449134
4209311934
1724906754
2172199175
3843131027
5724021764
2267776015
3426627786
1587940814
1322366650
1683682282
5891590357
5997800026
1437445771
2041681256
5116658438
6819280418
6090712553
2245225480
2654029266
2624318760
5775953984
1605120362
6779835879
4089049062
6508063422
430632630
4217839808
1312513763
7471418170
7371645437
6327128873
1639242295
465035867
3020524983
6548645885
3751061592
7486489039
3466120139
3003471963
6553022232
860033547
6577628962
252016691
7086652942
4866078029
5646559273
5828959196
4780966367
3646886088
3199041913
3695904548
1412647866
7083759844
6060088683
2263359771
3437031947
1380428021
1541221722
107804956
630456424
2634326419
6858799203
3339877761
1911728845
259043018
2571408978
1838540692
7690649488
6120070869
245548387
6963827720
2227626847
7294146197
5505631724
3787871553
3171752711
1060388598
3211253062
4123876971
4548193676
3010645526
5443837615
6234261691
4287460231
6614413424
7511951985
1547996349
3439700872
6394256816
5890901460
3530434288
6000001563
2832982623
368449531
2063864842
4432630461
5067740132
161352106
6896847312
6662763801
3346488677
4537500337
4966377439
670568817
900674923
5073707729
6840602001
2025544008
6374861179
1999916818
1090672517
7359969392
7752675464
3695778056
5858126484
2578122902
3909602342
6187900024
5772157227
7627541630
5057217089
7744813032
717788828
4663115791
2341858803
3748924686
6167182389
2888327130
2787316770
450250661
900063504
4664702842
6602831115
6782050851
7019128938
6716323087
6297279847
3301250773
3411657769
1255660666
7586167874
7044911242
7849969806
6791245565
2680918740
2793399172
2677841600
2861075108
212163736
5179291188
534228923
7632843244
3997122698
710970332
6482432778
1941543358
3240797653
630784294
4576782450
3100774052
4541209579
1856854045
5722890727
6525913112
4820923274
5096931970
7690613036
5392232846
897929404
3919808197
5410975763
3115653042
713212055
2252899470
4984856589
5448124329
6171270094
4392723474
2512822601
2942849089
370768947
5079807745
973487809
7441062974
3292922651
1748578256
6945325539
1258129712
287989443
3233806001
2408281795
2941989232
659450174
5823682094
7021324899
955652685
2971349961
3965533203
4251556456
3748762656
7279148360
2556594212
4368329991
985296
2465894200
7002251075
5286453920
323529193
6605613502
7253843083
38820513
6976202923
6482511709
5711940627
1086156294
2087427581
2943517652
2090319630
2182851028
3621945662
5225172951
6198352521
5406090046
3911289602
458794716
4009317086
1654287421
2682528703
7184688532
392489447
3886022547
7069967704
6101332202
2303347005
7044024432
3332882125
7629446186
1552736160
3971882679
2748455383
3260017003
4500487002
4314527763
884301949
3500135227
6634248522
7638187433
2996500652
6821050891
2352427684
871905370
5949149359
1595850722
6484013132
7169944557
2667636553
7050660832
1362402587
2484253143
470319998
2832277138
2795793729
3995141989
3032663480
662492177
3064936007
4172652211
296519960
2443552971
1384180620
1862534307
4224854117
996903053
1432535713
3531890487
4986184985
377561505
1603231794
4619921946
7415663278
6437131624
2020110107
4422588751
5315911538
130853738
1577670984
1071039979
4945313652
5069955908
1934979930
2136706948
6809671458
5453563014
4932688416
3898237478
6240819831
4205420537
4349079796
5703197624
3076727445
5118882997
2473917899
6574805681
1943075771
4021483732
603335390
1863497001
1819088900
2689749486
190293839
2064449146
5092318260
2551828288
2192531168
5836969426
2328398532
6464102105
4065256017
1749224915
6348022548
6850034281
4007605309
3992700913
191161300
7255395246
286927435
3134972748
1084974136
5175273409
5309104001
5458857041
1943599248
6890284801
5979770377
5237474231
3321553989
188898823
455860239
7536309006
484818915
5202423518
3674855553
3683138826
2320595858
2852162128
2107964659
6733631339
1874011552
6441928281
1449839676
3297751678
7317970348
5926831646
1084374392
4403720556
3941821038
5185489142
7258314548
5812897129
213271430
2166001957
7411778177
6318542674
2790470207
3540363190
3431535293
5262562617
5807282234
991006334
7670745278
7149916965
6918168766
4098493959
3621927961
3425446717
4769549183
3885731294
6992437378
3959743134
4160301885
1031484607
4670786714
3558574562
1208254072
3856656153
6960909191
809633430
5884942733
4852539077
2695367591
5162786531
6107706364
5917386259
5569291525
7430516741
4691567689
7265596078
6778112268
7562897023
6519419201
6182304732
5964123002
6752990272
4935215789
68269251
5127925255
1637074021
3111005011
3406763798
2102505524
7245399108
1263656970
7410542158
6493681495
3034318770
1790984180
3302748884
7522935882
1291055622
6474224730
2717745315
6339119226
5682828429
5898383939
3691793996
4914042862
6488515033
7209669604
7620271429
6799115781
5195350825
585344461
666112108
6238753309
7681563759
130630779
2537046545
1346136564
5489306383
7535954797
5774184603
2070196779
3658198447
614298816
2604140685
6326061663
4441688184
6268292474
6725428436
7093803408
193125943
696509325
6850637823
4437671640
4248089946
198703465
2475319871
3137829368
4126145177
6683251559
6533587027
4097313454
707266277
224808543
1969808504
1049653330
6312394501
2197700877
4527410172
4397362987
4509766783
7703437163
6974029535
6081537242
5846166746
6241587721
686256787
3346205582
3495811829
1428159416
2084287418
6550499888
4678561769
7686760756
6140856262
1740223583
7586292906
1139486325
747833742
6639301244
3450362511
1601075057
7534362024
2116124712
5277485675
7540176935
7039959067
7566663263
5446759378
876442030
6731111574
3657471397
5698948982
2426385910
1776940504
5692626120
3539657059
4379246479
3747898634
4050619154
834275761
753741128
6629781512
6118660004
2759908324
1083678243
4917874267
7012042089
309180932
193026856
5479947753
1935843211
1809446088
7371162366
1176252920
3873249118
1054421085
7149258667
6286577652
117303359
3510199605
1030136514
2788623200
5698735057
5959669302
5591170064
4711724962
3519289058
533483874
3623616009
2829773939
6853932501
3858268127
2466122977
5257629929
7661453148
7717865921
3739177057
1895645828
5297573584
4428604885
2825465690
280891852
3779993060
2302723619
5957240731
4595099995
2307098278
484274187
5207179500
2321947633
3919609462
456741122
6153646782
2020093494
7394155886
74502445
5821235469
7840863389
1212956613
7306278378
4563977875
3024972374
2888903090
247086693
5596621320
1803231676
3712791468
2284514802
4084033640
2797614808
5862023864
3240310985
6316570501
2286140637
1048354819
1408109332
233143518
6711048058
4206362197
6671484471
6323974919
4015075883
7209871593
1231631751
6066839759
5413488136
1965471309
1125712166
5813684769
6456081006
1093372064
7512639921
8239039
3789898344
223987551
1720056418
2333801051
3615355787
3795743985
4763936388
5345182585
4668133070
182042987
3069360869
5504299386
969206925
1483199961
882836547
5124270145
2140414768
7394783742
3936173590
6238148214
194574980
2560726122
6569835410
86423620
2385272436
1494812090
3482390302
1049570547
5781804063
3803068568
321238608
5980886018
4665865287
3034934220
2183641483
1171907218
1140600929
7315829638
5313011742
1710830414
3556585068
7106171877
5143818684
6068197431
3958731669
4383214495
4451927278
7415919538
397406992
3793556938
5421109998
4040717044
142419647
703673977
1761806511
3727228877
7323759878
1440830233
4697337787
6033990745
6469382444
1843693784
2234788374
7293026974
187819006
3243076756
7432013808
3999653576
3534762261
6423970246
233756538
1611063432
4199502420
995034911
1283585609
1858038504
2438818442
2414498287
2662897023
666015346
1475518244
1572577710
366011087
2627252730
7824390779
4681371587
14292800
3038640082
4310372991
4284498352
4043073930
5034420539
862482991
4083172917
4777213235
3034404080
1867512044
1941029540
6592948694
7147887694
5098067289
5928449711
1739033018
865466783
6610217879
5350986829
2315907753
7306793253
4622446469
1116923051
3098201445
3046263735
4407280299
5747965314
2034893360
4097728611
3972419527
1951917470
3848761634
6226246980
7452311720
7222890591
7591360702
6757088586
3460247000
5764791363
4747752783
313887717
4073763668
2629259573
2195155112
1293795599
6087819035
2844507794
7747972412
1164515704
1156417150
7445469439
7617056766
651007723
6029095148
1077490216
4164366992
2903675666
1113739687
1073420356
3289199781
1577959460
7604799331
3798863165
173981697
2349872471
3686055301
248680349
7233244276
5679167142
1959722747
3917989709
5988828813
1138144531
1562477207
7762699115
6166279734
7123675121
1759155358
1216265763
3796532269
664222366
207644222
1664426452
7057772936
7317803534
1810474571
1266368859
4042636818
1543599693
3433150080
1571009734
2351644044
4305549803
7210871301
6757788726
2523278967
2982848709
4155303908
5160217070
4924015793
3689172453
1648082329
3376542593
6454941586
4624474682
3484331410
4327195010
2062918632
2718042133
7532397607
5486426939
377252413
5851233121
2768700708
7568857361
3770664203
3160897230
3560017434
4236953954
7325806289
6199896109
4889524934
4921005358
2372640397
7194834335
4624509869
6779471779
904819930
1852635165
6638863744
3618628293
3426524434
242648565
4908881263
2599579731
3759667900
5151556264
1566085997
6345061218
7048801391
4267437020
772203054
900593852
4350444068
6475287508
6081028342
7767596852
2422927661
5954594144
6414942663
6445083376
2572917178
5831150606
6122932929
42355215
2439416915
5611607688
6826065698
3100834520
2878718653
3104485907
7657770392
6248575518
19428046
4912150576
4702148014
1341025171
4643893817
3420591516
6712670917
6555118963
4417250288
1387192817
365027745
637494961
5030106863
1982038259
4589189943
6656282095
1487377391
827390538
1965520107
7570562988
6713334255
5336199460
6381943504
4208720223
194746108
719663466
553956837
290391320
6437589477
7148768469
3869531366
3888326714
2413702612
3122426858
1536665872
2905363453
2091782697
1135204076
5181111831
7316650165
4559992531
79350720
7295794070
6023130841
1894346072
5245576535
772417446
4018007602
7020671539
7232339921
5846465457
5497263948
4145276366
5885287780
4447283080
3122159843
6241546229
1526214918
2286185308
1930610532
7109879523
7089076518
3646874881
1358290062
2717095984
1643649252
2244653360
3014256234
1688470526
1238531482
3449134728
3433044432
2173134395
2031735622
2022047913
7289557273
2300095232
3609271512
4999944755
5877324727
381898784
1298120270
7661585853
4064446519
4276618787
297870286
1732138227
3980445037
907908995
3679733072
173417870
234838349
3423843218
579726235
7703836118
6123778804
6927458916
2087394626
7781086335
5626709824
3102229925
4820287114
264768392
5994123766
5672617442
6185385085
1850521894
5948587592
4422808988
7443481359
278722519
4778433161
791720641
1891285961
6322186567
4795421886
2039069458
5447939294
7573048272
4471085320
1867670584
2663048444
5005301595
2077213853
6465275708
6870556568
6585921130
5472187707
4890312211
3805253320
369861762
2456206325
2747698174
5259568674
6628958986
4413461096
3367287968
4112197525
3826380371
7487997969
15823122
4376652700
4178791436
606537628
